object_type,luna,arch,file,cantaloupe
Image,UoE~1~1~24952~219613,7679b8ed-286d-456e-b112-9f6aad70beb6,0207370c.tif,
Image,UoE~1~1~24951~219614,5837e109-261b-474a-a684-f2bab7ebdda6,0207369c.tif,
Image,UoE~1~1~24950~219615,27461b8f-dba8-476b-a9df-0c715d23b718,0207368c.tif,
Image,UoE~1~1~24949~219616,74ff4b2f-b389-46b4-b056-ec30ca448270,0207367c.tif,
Image,UoE~1~1~24948~219617,64c84058-051c-4ceb-8dfb-c7e3f7d5b4cb,0207366c.tif,
Image,UoE~1~1~24947~219618,e06840c2-748f-42f5-9695-4fde2515187b,0207365c.tif,
Image,UoE~1~1~24946~219619,2101f743-fec6-45ce-8ce2-ac4727f45c36,0207364c.tif,
Image,UoE~1~1~24945~219620,2f26a78b-96fb-48df-81dd-62b7394f86fd,0207363c.tif,
Image,UoE~1~1~24944~219621,c0682047-e9fc-490d-aa9d-f9ed448a56c6,0207362c.tif,
Image,UoE~1~1~24943~219622,7d5e9668-1f21-48b2-bef1-a524841d88ed,0207361c.tif,
Image,UoE~1~1~24942~219623,15abd578-9d48-40c0-b730-1b14cdef7ea1,0207360c.tif,
Image,UoE~1~1~24941~219624,2de92e71-9720-4129-bac5-3c7873d8617b,0207359c.tif,
Image,UoE~1~1~24940~219625,79159cd3-aee7-42ba-a6e2-20aa81eb7823,0207358c.tif,
Image,UoE~1~1~24939~219626,e38daa91-4d0b-4ad0-a596-0518514af835,0207357c.tif,
Image,UoE~1~1~24938~219627,5169fd78-b02c-4597-88c6-8e9b9249e8dc,0207356c.tif,
Image,UoE~1~1~24937~219628,7c6dd1e1-af7a-4792-b871-08ffac60b073,0207355c.tif,
Image,UoE~1~1~24936~219629,d872218f-f9b1-49e3-bf56-5346e2d8c059,0207354c.tif,
Image,UoE~1~1~24935~219630,37fc6b07-ea17-44de-a934-8d4493e9dabd,0207353c.tif,
Image,UoE~1~1~24934~219631,19abd65b-72e2-428e-87e1-7c6993470b22,0207352c.tif,
Image,UoE~1~1~24933~219632,1cb5ea8d-e83d-4896-b849-eafd1be2c466,0207351c.tif,
Image,UoE~1~1~24932~219633,d2b716a2-cddd-43f1-815f-0a22ffa680c0,0207350c.tif,
Image,UoE~1~1~24931~219634,e5e712a6-8789-4bb7-928c-bb542385f9c7,0207349c.tif,
Image,UoE~1~1~24930~219635,ca4b637e-ab41-4392-a189-3e0e2dcc4719,0207348c.tif,
Image,UoE~1~1~24929~219636,45a3ee23-95b3-422d-92ea-a1c85bad1f0d,0207347c.tif,
Image,UoE~1~1~24928~219637,9ce1ee4c-7721-460c-8771-9d24576b2f05,0207346c.tif,
Image,UoE~1~1~24927~219638,5a6ee5dc-04e1-4ee8-95d1-9ec5a3ad2672,0207345c.tif,
Image,UoE~1~1~24926~219639,9450f610-b8d1-43e7-8f86-1ff0472097d2,0207344c.tif,
Image,UoE~1~1~24925~219640,fd5d4af4-f7d4-4726-8379-d2f4fe88719b,0207343c.tif,
Image,UoE~1~1~24924~219641,c0f69a29-96ee-4920-8e20-9bcb8be2a822,0207342c.tif,
Image,UoE~1~1~24923~219642,862e8bc6-3d91-4c89-aa74-4476caa56ec8,0207341c.tif,
Image,UoE~1~1~24922~219643,f9832a60-ffe5-4380-a6b7-ed5362e246bc,0207340c.tif,
Image,UoE~1~1~24921~219644,7153013b-f891-4a6e-8d5b-1ed006a41174,0207339c.tif,
Image,UoE~1~1~24920~219645,d38134af-f54b-4a24-a811-7e5233d57761,0207338c.tif,
Image,UoE~1~1~24919~219646,856edead-6fe8-498c-b84b-84728fe67196,0207337c.tif,
Image,UoE~1~1~24918~219647,4a2645b1-5412-4649-a116-230e1612be95,0207336c.tif,
Image,UoE~1~1~24917~219648,8d8bf379-856c-476d-9f01-ad032b879eca,0207335c.tif,
Image,UoE~1~1~24916~219649,8a52f440-cd95-40a5-a78f-080f6ec64780,0207334c.tif,
Image,UoE~1~1~24915~219650,31ccee6a-0426-4819-9038-a92743863dc8,0207333c.tif,
Image,UoE~1~1~24914~219651,3cda7e64-8594-4162-adc6-73261ee69ae0,0207332c.tif,
Image,UoE~1~1~24913~219652,4b77d8e8-e1eb-4088-a09a-2cf77731a0b4,0207331c.tif,
Image,UoE~1~1~24912~219653,43117d3c-a738-48ed-a8a8-1ee06238a47a,0207330c.tif,
Image,UoE~1~1~24911~219654,c9c11d2a-d874-4788-89fe-f81d2eb8a969,0207329c.tif,
Image,UoE~1~1~24910~219655,390768f2-312b-4037-b007-811dd57efd28,0207328c.tif,
Image,UoE~1~1~24909~219656,7e6cffa3-f098-4832-b5dc-ee652e07106f,0207327c.tif,
Image,UoE~1~1~24908~219657,462b08e3-2cad-4368-8437-d129a9440bfe,0207326c.tif,
Image,UoE~1~1~24907~219658,886c75e7-bf68-4b5a-92d8-18ed98382dc8,0207325c.tif,
Image,UoE~1~1~24906~219659,1fd60549-2e5c-4066-89eb-cf8b52176b2e,0207324c.tif,
Image,UoE~1~1~24905~219660,a220de0d-24a8-435e-a99b-da98dc6468e6,0207323c.tif,
Image,UoE~1~1~24904~219661,32e4b631-dd70-4b47-b8f7-94b30b56f9c9,0207322c.tif,
Image,UoE~1~1~24903~219662,a9d934d8-b899-4189-83f8-54f23aacc728,0207321c.tif,
Image,UoE~1~1~24902~219663,ca24177a-16be-4ee1-b088-fe03d46c106c,0207320c.tif,
Image,UoE~1~1~24901~219664,f770c82f-7fd7-4a54-8059-c0c84624e93d,0207319c.tif,
Image,UoE~1~1~24900~219665,97a9b495-14eb-4a12-929c-57b969dc8360,0207318c.tif,
Image,UoE~1~1~24899~219666,705ac4e1-9ec9-43f3-8b0e-2a7b111d32f0,0207317c.tif,
Image,UoE~1~1~24898~219667,72da96c8-5f5e-4538-b652-38772fcf49cd,0207316c.tif,
Image,UoE~1~1~24897~219668,ead9f674-70ba-49d4-b845-4ff1cecbd009,0207315c.tif,
Image,UoE~1~1~24896~219669,3323e56e-bcbf-44c0-9d43-e885d8605031,0207314c.tif,
Image,UoE~1~1~24895~219670,a0639ef6-7ab1-4631-9307-a85988efcf32,0207313c.tif,
Image,UoE~1~1~24894~219671,ddd1eb2f-1cb9-4c9b-bc49-86ab64360843,0207312c.tif,
Image,UoE~1~1~24893~219672,fabb07c3-7c27-4c44-8c43-d608da0b973f,0207311c.tif,
Image,UoE~1~1~24892~219673,485b38c2-b088-447c-bd8a-ea02e07668ad,0207310c.tif,
Image,UoE~1~1~24891~219674,fbc34e75-9963-4d0c-b775-080111611d65,0207309c.tif,
Image,UoE~1~1~24890~219675,7687b2a4-59ae-4d54-b08c-da26bb9c63b7,0207308c.tif,
Image,UoE~1~1~24889~219676,2d061265-2aaa-4cd3-ac00-0cc8cd379842,0207307c.tif,
Image,UoE~1~1~24888~219677,8860e7b2-0663-48a0-a4c9-53f4f5ed48ba,0207306c.tif,
Image,UoE~1~1~24887~219678,5cd273d7-008f-49d2-aa53-65fbf214cd87,0207305c.tif,
Image,UoE~1~1~24886~219679,c375d551-db98-4925-ab07-7d1a61bd5c28,0207304c.tif,
Image,UoE~1~1~24885~219680,99d628a5-7f17-451e-834f-7f8098bfbe46,0207303c.tif,
Image,UoE~1~1~24884~219681,a99e505f-6b0b-4f2d-8f85-af4c2141cf49,0207302c.tif,
Image,UoE~1~1~24883~219682,652e514e-c799-447c-84e3-a25b5f16b254,0207301c.tif,
Image,UoE~1~1~24882~219683,62d15b07-feed-43c8-95a0-eeee7eaaf47a,0207300c.tif,
Image,UoE~1~1~24881~219684,cb34c1bc-b7fe-4959-a518-0226bf7d521a,0207299c.tif,
Image,UoE~1~1~24880~219685,3517b095-5a11-4756-8af4-c3de95fe3b70,0207298c.tif,
Image,UoE~1~1~24879~219686,8afdf979-c44e-4557-a1f2-ebe7f46c0842,0207297c.tif,
Image,UoE~1~1~24878~219687,128490f4-b88b-4cd9-8e15-c3e9c872ab7e,0207296c.tif,
Image,UoE~1~1~24877~219688,cb4cea2d-65b9-4885-8ab8-a1868638032f,0207295c.tif,
Image,UoE~1~1~24876~219689,54992bc8-8a92-4bc6-939a-6b96b3529b36,0207294c.tif,
Image,UoE~1~1~24875~219690,04ff2aba-67d0-47ba-9d7b-7f7fbef1263b,0207293c.tif,
Image,UoE~1~1~24874~219691,fa94be35-c902-48de-8e14-dbb563cd71f6,0207292c.tif,
Image,UoE~1~1~24873~219692,c9b3e14b-912e-4d16-9a87-f0d69cf87197,0207291c.tif,
Image,UoE~1~1~24872~219693,aefbfe0a-799e-43c4-86bb-d17a01f4caaa,0207290c.tif,
Image,UoE~1~1~24871~219694,27d68ac3-9bd9-4608-ae81-9f78de985c95,0207289c.tif,
Image,UoE~1~1~24870~219695,1c6f839e-c47d-4eb1-a9d3-c90d4805f794,0207288c.tif,
Image,UoE~1~1~24869~219696,4d43a2ba-1681-40e8-a5d5-9e4803f81cdf,0207287c.tif,
Image,UoE~1~1~24868~219697,ec04e79a-0ab6-4b9c-9e8c-18529f92f226,0207286c.tif,
Image,UoE~1~1~24867~219698,2d9a64d0-861d-4198-876c-13a715c765bd,0207285c.tif,
Image,UoE~1~1~24866~219699,f5683c59-2123-470b-9d1f-eaab1d72fa11,0207284c.tif,
Image,UoE~1~1~24865~219700,4a8e5871-3d5e-44c0-a4b4-07ddd3a49f14,0207283c.tif,
Image,UoE~1~1~24864~219701,b1e6a832-dbe0-4961-8f7b-93008371458a,0207282c.tif,
Image,UoE~1~1~24863~219702,5e6bf7f8-5586-4c5a-9538-0555a79a8673,0207281c.tif,
Image,UoE~1~1~24862~219703,5103db40-69d4-4727-832a-274d07b070e1,0207280c.tif,
Image,UoE~1~1~24861~219704,34a8e71e-44e1-496e-ae68-ef91f46fbcf6,0207279c.tif,
Image,UoE~1~1~24860~219705,a61daf83-6ce3-4389-96b0-4511ee0214bc,0207278c.tif,
Image,UoE~1~1~24859~219706,06b4de3b-0ea5-4b57-9d35-c1c677a5f9cf,0207277c.tif,
Image,UoE~1~1~24858~219707,04cda2be-38b7-40a1-a6b4-0c1c9cce9d4d,0207276c.tif,
Image,UoE~1~1~24857~219708,e377045e-8296-4d81-9491-847b21bb6077,0207275c.tif,
Image,UoE~1~1~24856~219709,fb665e25-862f-4dfd-83af-b9b85c2b7f09,0207274c.tif,
Image,UoE~1~1~24855~219710,648aab90-f10b-49ed-8e12-37553799c552,0207273c.tif,
Image,UoE~1~1~24854~219711,e5fb0ddf-a9d9-40f2-98c7-d4a28fb98c8f,0207272c.tif,
Image,UoE~1~1~24853~219712,e7b76c30-a677-4d32-8a1e-486074223a19,0207271c.tif,
Image,UoE~1~1~24852~219713,dce1557c-47b6-437b-ab4c-580b8d2c6871,0207270c.tif,
Image,UoE~1~1~24851~219714,2e2349fa-5fc7-4613-8581-b059e02e2ded,0207269c.tif,
Image,UoE~1~1~24850~219715,3df6c68b-ef51-482a-947b-a81043b12331,0207268c.tif,
Image,UoE~1~1~24849~219716,89bfaf94-8453-4f0a-b848-86f864bc3c9e,0207267c.tif,
Image,UoE~1~1~24848~219717,3905b0cf-9d49-4ee3-bd5c-25d3eee6345c,0207266c.tif,
Image,UoE~1~1~24847~219718,568af7cd-8e75-43ad-b2e6-3e0bbff7f880,0207265c.tif,
Image,UoE~1~1~24846~219719,e20b110a-1c22-4e31-867c-4ae6f09b22d4,0207264c.tif,
Image,UoE~1~1~24845~219720,c3fc611f-bf24-421f-ac00-25ec5852484a,0207263c.tif,
Image,UoE~1~1~24844~219721,145cad26-f4b4-43c9-82c0-092ac2266895,0207262c.tif,
Image,UoE~1~1~24843~219722,643471f0-afb3-44c2-ba65-dfe72036f7d8,0207261c.tif,
Image,UoE~1~1~24842~219723,a9de2758-72f0-4119-b5df-b58d22ad19e2,0207260c.tif,
Image,UoE~1~1~24841~219724,6a11be28-6115-40e0-ae74-9be4ba0f85a9,0207259c.tif,
Image,UoE~1~1~24840~219725,8c8481f5-b65d-4b5c-ae9c-7843c8cf388d,0207258c.tif,
Image,UoE~1~1~24839~219726,abeea0dc-849b-46b7-a0e0-2f42b044d424,0207257c.tif,
Image,UoE~1~1~24838~219727,cc8a9df3-0a61-4c75-9bfb-62c40ede1b5a,0207256c.tif,
Image,UoE~1~1~24837~219728,b6e2330e-b336-4e78-8881-0c40c2bb4694,0207255c.tif,
Image,UoE~1~1~24836~219729,9dee07ea-1f67-4fe7-b29d-dfe7052a1fae,0207254c.tif,
Image,UoE~1~1~24835~219730,9045e2ec-57da-4dd6-af11-49a8b69406a4,0207253c.tif,
Image,UoE~1~1~24834~219731,847c0ef3-472a-4e39-b12c-e42a5cea55ab,0207252c.tif,
Image,UoE~1~1~24833~219732,97c9bed7-c9a0-4005-ba38-3ff7c1bcf3e3,0207251c.tif,
Image,UoE~1~1~24832~219733,e8d97f1a-9ce7-4ba2-b0a2-6a1739d0c456,0207250c.tif,
Image,UoE~1~1~24831~219734,72a07029-99ee-4716-bcfb-2186ef916eec,0207249c.tif,
Image,UoE~1~1~24830~219735,8c4bd873-390b-4b57-ad6c-315a5edaaa07,0207248c.tif,
Image,UoE~1~1~24829~219736,d8e1b98c-ad61-4450-a2e1-155ae755cdb3,0207247c.tif,
Image,UoE~1~1~24828~219737,45a2e8fa-4977-4ee4-9bea-9be2871701b2,0207246c.tif,
Image,UoE~1~1~24827~219738,8c026e9e-9dbc-4a63-8148-ebbccec97c88,0207245c.tif,
Image,UoE~1~1~24826~219739,4d8fb947-a6e2-412c-9209-422fbdea3a2e,0207244c.tif,
Image,UoE~1~1~24825~219740,cdedfee1-2b01-43c6-acf6-de225278caf8,0207243c.tif,
Image,UoE~1~1~24824~219741,bd69b06e-df43-429d-8a04-e783c74fc576,0207242c.tif,
Image,UoE~1~1~24823~219742,350d73ca-a315-4c6b-93d2-c6334afff4eb,0207241c.tif,
Image,UoE~1~1~24822~219743,7e0f53bc-8c3e-45c2-98da-282645c97d59,0207240c.tif,
Image,UoE~1~1~24821~219744,0a881a4b-4472-424c-ad5c-831b57f5539e,0207239c.tif,
Image,UoE~1~1~24820~219745,970e5fa1-6da4-452a-bf4e-7ca634316c9b,0207238c.tif,
Image,UoE~1~1~24819~219746,3e568cda-32ca-4839-847b-c8dba1a1d1e4,0207237c.tif,
Image,UoE~1~1~24818~219747,7feef3cb-1439-478e-bbc8-c5bd9f99f4a2,0207236c.tif,
Image,UoE~1~1~24817~219748,41a31081-a548-40b5-bd14-1115b3490ddc,0207235c.tif,
Image,UoE~1~1~24816~219749,59b687f7-0c18-43f7-8b8d-fd7c65ea51e4,0207234c.tif,
Image,UoE~1~1~24815~219750,e31ba92c-4b6d-4464-84c8-eb1a1fce03cb,0207233c.tif,
Image,UoE~1~1~24814~219751,9fde05ca-3e8f-4f20-b0d1-73fabda460d7,0207232c.tif,
Image,UoE~1~1~24813~219752,123ad943-fc9c-49d6-a416-15b04b1bccc2,0207231c.tif,
Image,UoE~1~1~24812~219753,00f91754-6aa5-48f4-958c-9fad8737c608,0207230c.tif,
Image,UoE~1~1~24811~219754,f63f808e-15f8-448f-ab3b-b97674f78c45,0207229c.tif,
Image,UoE~1~1~24810~219755,db210d20-c40c-4e4b-afdb-20443e34c029,0207228c.tif,
Image,UoE~1~1~24809~219756,a8e825c1-6881-41ac-ba2e-b70e58c6ae5b,0207227c.tif,
Image,UoE~1~1~24808~219757,15564ed6-12fa-4fe7-9860-905e81caa3f3,0207226c.tif,
Image,UoE~1~1~24807~219758,9bd7b257-c237-4d5e-96fe-ff7796b6341a,0207225c.tif,
Image,UoE~1~1~24806~219759,f0affc5d-39b8-4e22-82ad-7ee1d1aa7079,0207224c.tif,
Image,UoE~1~1~24805~219760,a9c94423-5593-44e0-a746-25da55c61724,0207223c.tif,
Image,UoE~1~1~24804~219761,cd4a8269-56d9-4dd7-a940-c029a0241298,0207222c.tif,
Image,UoE~1~1~24803~219762,63b2c5e5-7930-41de-bfaf-cc260df1701f,0207221c.tif,
Image,UoE~1~1~24802~219763,66989e72-a790-4b0e-a6c6-74f339c35332,0207220c.tif,
Image,UoE~1~1~24801~219764,d83586a1-ef34-4c2d-843c-633b35ba459e,0207219c.tif,
Image,UoE~1~1~24800~219765,52d547ca-6f50-4708-8b5a-d64d261c10f9,0207218c.tif,
Image,UoE~1~1~24799~219766,a2a474a0-3365-4494-ad40-b0a5d8bc535f,0207217c.tif,
Image,UoE~1~1~24798~219767,90ac284f-58a1-471d-a8fd-97c9fbb295ba,0207216c.tif,
Image,UoE~1~1~24797~219768,227d2bdd-b7ad-4d12-abf6-7e6c2b0d9456,0207215c.tif,
Image,UoE~1~1~24796~219769,06b7ddd5-17b6-468e-a98e-218238e879aa,0207214c.tif,
Image,UoE~1~1~24795~219770,9ec0441a-c432-4759-970e-e853637132a6,0207213c.tif,
Image,UoE~1~1~24794~219771,f811626d-b69f-412b-91c3-161e8e7e912c,0207212c.tif,
Image,UoE~1~1~24793~219772,adeb8217-560f-4ba1-ac8f-bdd3fc5a995a,0207211c.tif,
Image,UoE~1~1~24792~219773,825eb7f0-96af-4448-b7f9-2a9af077eaf1,0207210c.tif,
Image,UoE~1~1~24791~219774,c9dffc40-f75d-4eb2-b539-7aa34c3490cb,0207209c.tif,
Image,UoE~1~1~24790~219775,b979911c-ad1b-425c-ab98-36865fe83d76,0207208c.tif,
Image,UoE~1~1~24789~219776,269b0c1c-387b-4819-9e1d-d80dc27f6f49,0207207c.tif,
Image,UoE~1~1~24788~219777,8b69c7cc-beb3-4982-82ad-e151adee34a8,0207206c.tif,
Image,UoE~1~1~24787~219778,51123ae7-d34d-4664-8faf-8ae8e9b8688a,0207205c.tif,
Image,UoE~1~1~24786~219779,8eb47f59-5023-4340-9fdd-f945f8631936,0207204c.tif,
Image,UoE~1~1~24785~219780,eb7def60-8179-4c51-84da-6939e4d295a0,0207203c.tif,
Image,UoE~1~1~24784~219781,005c7694-3e05-49e7-9398-c7731d2fa737,0207202c.tif,
Image,UoE~1~1~24783~219782,2ddc7a69-9cd9-49cf-aef6-44a4025ebc53,0207201c.tif,
Image,UoE~1~1~24782~219783,b64a1dc7-fee9-45c6-91a5-9cc1418d9bf1,0207200c.tif,
Image,UoE~1~1~24781~219784,f6fbdd41-3f64-4602-985a-605f941b7547,0207199c.tif,
Image,UoE~1~1~24780~219785,a95c204a-e6bf-4acf-bdff-7be695c300ea,0207198c.tif,
Image,UoE~1~1~24779~219786,630982f8-fdc6-43b1-8ba4-5354a1b55f2e,0207197c.tif,
Image,UoE~1~1~24778~219787,8f9ff498-06fa-4950-b02e-52b35b3a3fce,0207196c.tif,
Image,UoE~1~1~24777~219788,68201b43-4a1c-4692-b327-3b2a5851db78,0207195c.tif,
Image,UoE~1~1~24776~219789,5cd81a1c-310f-4f54-abb1-3a31172a3f51,0207194c.tif,
Image,UoE~1~1~24775~219790,2b32719f-8244-4d64-bc3e-db845846818c,0207193c.tif,
Image,UoE~1~1~24774~219791,2aafc972-3c36-4dfa-8813-5f54e074c1cc,0207192c.tif,
Image,UoE~1~1~24773~219792,0621dfa7-2fe5-4e24-9fc8-8345ec69e15c,0207191c.tif,
Image,UoE~1~1~24772~219793,ce44ba9c-c7a5-41d4-8890-7777fc32f9ec,0207190c.tif,
Image,UoE~1~1~24771~219794,8b2643e5-bafc-478b-aaa7-7563bb2a63d5,0207189c.tif,
Image,UoE~1~1~24770~219795,5777095c-2a88-4baa-92c9-05859d06e514,0207188c.tif,
Image,UoE~1~1~24769~219796,413cec53-21f3-420d-b916-22f09b9fb8c6,0207187c.tif,
Image,UoE~1~1~24768~219797,f9b79a1b-e4b0-4fd5-91c4-701029464f66,0207186c.tif,
Image,UoE~1~1~24767~219798,a99e51ab-92ad-433c-9c16-d8b008555068,0207185c.tif,
Image,UoE~1~1~24766~219799,792fe5d4-2976-4d34-8c3f-c320e7fd1c35,0207184c.tif,
Image,UoE~1~1~24765~219800,78377345-6413-48e5-9abe-77e48a2b061b,0207183c.tif,
Image,UoE~1~1~24764~219801,4423805a-e2c9-477d-b5d6-95d90292f1fe,0207182c.tif,
Image,UoE~1~1~24763~219802,5355cea4-4a3e-49fc-9334-6dae58054399,0207181c.tif,
Image,UoE~1~1~24762~219803,b9c1b861-815a-4903-9571-1494c1b14a0e,0207180c.tif,
Image,UoE~1~1~24761~219804,a0d63478-9cb1-4c20-adfd-8c97366b7d75,0207179c.tif,
Image,UoE~1~1~24760~219805,69277cf7-6e8c-42c6-852b-b44fe1ba31fb,0207178c.tif,
Image,UoE~1~1~24759~219806,1197551e-83a4-4037-9974-6099200f00cf,0207177c.tif,
Image,UoE~1~1~24758~219807,bdd6c25b-39bc-4fe8-8715-38015a0a5876,0207176c.tif,
Image,UoE~1~1~24757~219808,b2991801-6bbe-43b9-b9be-75c0538f475a,0207175c.tif,
Image,UoE~1~1~24756~219809,75025c05-3c92-457e-8a33-770c0ce116d5,0207174c.tif,
Image,UoE~1~1~24755~219810,053ca98b-d54e-493a-82b9-25f061e051df,0207173c.tif,
Image,UoE~1~1~24754~219811,b2c85de3-4e00-4ef3-9016-105446cb9d07,0207172c.tif,
Image,UoE~1~1~24753~219812,124134c2-fc25-48d2-b407-df39fcf185f2,0207171c.tif,
Image,UoE~1~1~24752~219813,f91e1982-a85d-4231-a08a-e4864e6cf2f1,0207170c.tif,
Image,UoE~1~1~24751~219814,1ee8ff73-f96d-4d2f-a421-343a67879b5f,0207169c.tif,
Image,UoE~1~1~24750~219815,95dfc974-c161-4422-9d37-bbe862bf1a84,0207168c.tif,
Image,UoE~1~1~24749~219816,2942d862-3265-4513-adc3-ba80d40639a8,0207167c.tif,
Image,UoE~1~1~24748~219817,cc15097a-9f3d-41d5-96ab-cc1b202dfb9a,0207166c.tif,
Image,UoE~1~1~24747~219818,063eb6ac-4c01-4d3a-bda9-247a9b3fda82,0207165c.tif,
Image,UoE~1~1~24746~219819,18124975-0731-4ed7-870f-a13a58d93722,0207164c.tif,
Image,UoE~1~1~24745~219820,9ef1e5b7-68c9-4413-91c4-6cd0eb1bda51,0207163c.tif,
Image,UoE~1~1~24744~219821,7b52ac6c-2430-4ab2-85f9-358e20ade8a4,0207162c.tif,
Image,UoE~1~1~24743~219822,9b34c678-8ea4-4511-b3a4-dd9a181c8429,0207161c.tif,
Image,UoE~1~1~24742~219823,93e4f4e8-4c2a-4138-838f-dbf32b56d6ef,0207160c.tif,
Image,UoE~1~1~24741~219824,c57821c9-7124-4020-8a4c-8b2f982b1591,0207159c.tif,
Image,UoE~1~1~24740~219825,23e48ea8-8fa8-4e13-a04f-c0fc718a4abd,0207158c.tif,
Image,UoE~1~1~24739~219826,84aa79db-8319-4e54-aa86-a363b0aace27,0207157c.tif,
Image,UoE~1~1~24738~219827,5afee540-db0c-4f3d-bf8b-e7447d6bc115,0207156c.tif,
Image,UoE~1~1~24737~219828,26236c5d-766d-46a2-ac5e-aef0eba65d11,0207155c.tif,
Image,UoE~1~1~24736~219829,d6bcd3bd-bfbd-4698-9d11-074cc7eb0e85,0207154c.tif,
Image,UoE~1~1~24735~219830,99ec05d2-5fbb-4bd6-9573-eed265976e22,0207153c.tif,
Image,UoE~1~1~24734~219831,894df5f2-bf18-434b-9693-dfba64817da7,0207152c.tif,
Image,UoE~1~1~24733~219832,fba4ef17-961a-4964-b387-5df7a9dc6c48,0207151c.tif,
Image,UoE~1~1~24732~219833,11dcad7b-71a2-47db-8493-510b4fe64a53,0207150c.tif,
Image,UoE~1~1~24731~219834,314c7211-83b1-4281-9dae-9b7bd9730076,0207149c.tif,
Image,UoE~1~1~24730~219835,4a5295e0-67bb-4d7a-9664-697f289ec2c9,0207148c.tif,
Image,UoE~1~1~24729~219836,5cfd16d9-2ea7-4e64-a299-b99162059bbc,0207147c.tif,
Image,UoE~1~1~24728~219837,6c5b6048-184c-4361-8e94-33bcc4a9a8dc,0207146c.tif,
Image,UoE~1~1~24727~219838,d7c05009-5f18-47d9-b531-dd59bf085911,0207145c.tif,
Image,UoE~1~1~24726~219839,dc1d68d9-2169-4700-a854-e3e69185dff2,0207144c.tif,
Image,UoE~1~1~24725~219840,cffa8efc-9e31-4f50-8231-2281ef17d7c8,0207143c.tif,
Image,UoE~1~1~24724~219841,64a42718-3a95-4088-a3a5-8a3c20ffd50f,0207142c.tif,
Image,UoE~1~1~24723~219842,62138225-44e7-4737-a727-31b8000bd4ff,0207141c.tif,
Image,UoE~1~1~24722~219843,844d457d-61d7-497c-91c6-18a8fce172bb,0207140c.tif,
Image,UoE~1~1~24721~219844,d96988ea-2701-4a50-bc6a-6083b6659006,0207139c.tif,
Image,UoE~1~1~24720~219845,8c867cc3-5ec3-475f-a8e1-fd38f357d6c5,0207138c.tif,
Image,UoE~1~1~24719~219846,bfb3016e-2f77-4f8e-903d-7f4ae10fe34f,0207137c.tif,
Image,UoE~1~1~24718~219847,56ba2034-a3ef-4f90-bc7e-8c15c7e7cfad,0207136c.tif,
Image,UoE~1~1~24717~219848,a0ec3e81-b1b5-4c8a-b161-4f5cbbb48940,0207135c.tif,
Image,UoE~1~1~24716~219849,584f6178-a591-4dd5-bdf8-585789d6150d,0207134c.tif,
Image,UoE~1~1~24715~219850,379ccd76-07e5-4c59-b1f1-4321542334e8,0207133c.tif,
Image,UoE~1~1~24714~219851,e1a1d2c2-9aae-427e-b1a8-e92523bbee46,0207132c.tif,
Image,UoE~1~1~24713~219852,34d4dc38-262a-4262-ace2-b503e6f5584d,0207131c.tif,
Image,UoE~1~1~24712~219853,1c661369-a570-48cf-85b2-1bcf2fa456d7,0207130c.tif,
Image,UoE~1~1~24711~219854,53c10d1b-8761-4199-9af0-16b59c9d2245,0207129c.tif,
Image,UoE~1~1~24710~219855,0d1935d5-50f8-416c-84bc-685cf741461d,0207128c.tif,
Image,UoE~1~1~24709~219856,8b6c1446-4a25-40eb-8e2b-cedee86e42d4,0207127c.tif,
Image,UoE~1~1~24708~219857,a481a6ee-a9e3-4b68-afb7-62e315a5d4b1,0207126c.tif,
Image,UoE~1~1~24707~219858,63407e7c-c3c4-45bf-927d-bc54b8298c69,0207125c.tif,
Image,UoE~1~1~24706~219859,d49c3cc3-660a-4835-a17e-32c74381ca86,0207124c.tif,
Image,UoE~1~1~24705~219860,8d90f160-9ea9-4d5c-8679-d80c7c28a557,0207123c.tif,
Image,UoE~1~1~24704~219861,b535aa2f-17ff-4523-a3d5-e925fb95b54d,0207122c.tif,
Image,UoE~1~1~24703~219862,e0c10f5a-aeee-434e-b61c-64e1c4744cd3,0207121c.tif,
Image,UoE~1~1~24702~219863,b16f0336-8b31-42f7-b888-c6dc33416306,0207120c.tif,
Image,UoE~1~1~24701~219864,db15a8cd-0732-484f-b457-71a856e2eb2c,0207119c.tif,
Image,UoE~1~1~24700~219865,abb304ce-0cb9-42a1-b174-547be99e66a2,0207118c.tif,
Image,UoE~1~1~24699~219866,80658764-7cdf-4764-8813-d2e06e8421c8,0207117c.tif,
Image,UoE~1~1~24698~219867,77a42288-bca0-475c-b4c3-f5e7eb504132,0207116c.tif,
Image,UoE~1~1~24697~219868,015b5727-1256-4d76-ba66-ba9d811cc8d8,0207115c.tif,
Image,UoE~1~1~24696~219869,7634b2c3-9350-4fb0-8e3d-1de4e2a6d745,0207114c.tif,
Image,UoE~1~1~24695~219870,b42f8f61-bc69-426f-8956-762e04b045f4,0207113c.tif,
Image,UoE~1~1~24694~219871,57373e08-820d-4724-affc-c4cefcc4c112,0207112c.tif,
Image,UoE~1~1~24693~219872,eaffe85d-ce5e-41cd-98a0-b0365cb99131,0207111c.tif,
Image,UoE~1~1~24692~219873,75003d6a-a5a7-46b4-877e-1c41479532de,0207110c.tif,
Image,UoE~1~1~24691~219874,44cc0e4b-498b-4c30-ad9c-737aa433d20d,0207109c.tif,
Image,UoE~1~1~24690~219875,6b868ad9-4101-4985-94cc-ee1813a4fa8b,0207108c.tif,
Image,UoE~1~1~24689~219876,91cbe229-a7f3-4623-a346-4a77454c17b6,0207107c.tif,
Image,UoE~1~1~24688~219877,136d4e8a-14e7-448f-8aa6-e74d33ac582c,0207106c.tif,
Image,UoE~1~1~24687~219878,dcc3b7be-15f7-4b05-b885-9c5376e50c27,0207105c.tif,
Image,UoE~1~1~24686~219879,f6e5fc9f-3f62-41b2-b9f2-ae0ebca8219d,0207104c.tif,
Image,UoE~1~1~24685~219880,92ec12b0-b8d6-4ba5-942e-ba0f5ae7f5fb,0207103c.tif,
Image,UoE~1~1~24684~219881,db1df409-61b9-413f-8079-17adefa22ca3,0207102c.tif,
Image,UoE~1~1~24683~219882,1805889e-90b1-4aba-9304-b24b1f3ee20e,0207101c.tif,
Image,UoE~1~1~24682~219883,301c5e2d-1432-4e8e-8a0f-da60b3856058,0207100c.tif,
Image,UoE~1~1~24681~219884,0c21ce48-d7a3-4975-ae5f-fc32df5f1d27,0207099c.tif,
Image,UoE~1~1~24680~219885,53b163cd-a96c-4cbb-b2e1-60f12d0a3b56,0207098c.tif,
Image,UoE~1~1~24679~219886,77ecb6f7-0171-4a49-91c9-5f5cee224900,0207097c.tif,
Image,UoE~1~1~24678~219887,0e718b82-b94e-4609-9153-22e9c1ff5ba6,0207096c.tif,
Image,UoE~1~1~24677~219888,5c34eb9c-827a-4bc2-8a6a-5baa90a8765c,0207095c.tif,
Image,UoE~1~1~24676~219889,5d45ac20-8102-441a-a820-7c1e71340352,0207094c.tif,
Image,UoE~1~1~24675~219890,852540ca-40af-477e-a8c1-4ba0a783ffab,0207093c.tif,
Image,UoE~1~1~24674~219891,ae7859b7-7c38-49fd-b31e-8a710d3eca2e,0207092c.tif,
Image,UoE~1~1~24673~219892,3639af8f-b924-4b33-8d49-8d659f611ae0,0207091c.tif,
Image,UoE~1~1~24672~219893,c37d4d57-b915-4b36-9314-82d58b4bb473,0207090c.tif,
Image,UoE~1~1~24671~219894,2610455e-a990-4d8c-9943-f0c69546e64b,0207089c.tif,
Image,UoE~1~1~24954~219611,2cd7cc8a-646a-4913-a22d-8a4d4a82add6,0215537c.tif,
Image,UoE~1~1~24953~219612,2278183d-fdec-4a29-a022-0c713f94e3f5,0215536c.tif,
Image,UoE~1~1~24670~219895,75bb65b8-77ab-4c7d-8b58-64f86ac1bd8b,0207088c.tif,
Image,UoE~1~1~24669~219896,bb1d4e6d-a3c4-4cbb-87b8-16dbe597256b,0207087c.tif,
Image,UoE~1~1~24668~219897,7f91e2d7-acd4-4b2a-bdb7-75c094738911,0207086c.tif,
Image,UoE~1~1~24667~219898,f55559b4-cd84-432a-8b43-8ca171aee66a,0207085c.tif,
Image,UoE~1~1~24666~219899,dabef363-15b9-44d7-ba2e-bc8b6e9f1fe9,0207084c.tif,
Image,UoE~1~1~24665~219900,937c8443-fbd9-4d61-9689-044610377348,0207083c.tif,
Image,UoE~1~1~24664~219901,f7d8e5ba-dc48-4a2f-876c-c30c0e7a3599,0207082c.tif,
Image,UoE~1~1~24663~219902,6c3033c5-d76d-4427-b3a3-b3d10acb93a9,0207081c.tif,
Image,UoE~1~1~24662~219903,f56943dd-06f9-4ded-bb11-52a068e3b5d9,0207080c.tif,
Image,UoE~1~1~24661~219904,db5ce82b-7dd7-4883-8779-7b7692fcd373,0207079c.tif,
Image,UoE~1~1~24660~219905,333799a5-1d80-401e-8a3b-02f7954286dd,0207078c.tif,
Image,UoE~1~1~24659~219906,0dc4a6f3-c779-4753-a911-817010fadbb1,0207077c.tif,
Image,UoE~1~1~24658~219907,c60b3ffb-45bf-4c91-ad1a-c92e749b08b9,0207076c.tif,
Image,UoE~1~1~24657~219908,bbe557ba-d6ca-42e7-a2af-432aa83af937,0207075c.tif,
Image,UoE~1~1~24656~219909,584c579b-4145-442b-84cf-66b57cdf9a29,0207074c.tif,
Image,UoE~1~1~24655~219910,3c2c3203-6581-4d33-864a-7a4464c0ece7,0207073c.tif,
Image,UoE~1~1~24654~219911,1a5b52b4-a0e8-4768-af21-fbe1e58b5c36,0207072c.tif,
Image,UoE~1~1~24653~219912,38aa2921-122b-45fa-939a-ca4db75cc8f5,0207071c.tif,
Image,UoE~1~1~24652~219913,73e37bd0-e80a-49a1-95fd-b1670af23111,0207070c.tif,
Image,UoE~1~1~24651~219914,85d8f112-d6bf-47fe-a275-b70c1d16ee3e,0207069c.tif,
Image,UoE~1~1~24650~219915,b8eeae14-5960-4987-81c4-b8bd94ceb73a,0207068c.tif,
Image,UoE~1~1~24649~219916,7c186e37-52ff-4ef5-9842-cf2f2c9d8d22,0207067c.tif,
Image,UoE~1~1~24648~219917,cc7ea678-6e98-454d-9497-792bfb15184c,0207066c.tif,
Image,UoE~1~1~24647~219918,4cc5a2de-53f5-4103-a59a-ee66f302520c,0207065c.tif,
Image,UoE~1~1~24646~219919,de92d3b8-0641-4011-9f53-44c1f2523c15,0207064c.tif,
Image,UoE~1~1~24645~219920,9b75c937-f0bb-4505-af15-b76e12cf993f,0207063c.tif,
Image,UoE~1~1~24644~219921,0c49f4cf-eaa4-4e89-8de5-f50ed4a3b994,0207062c.tif,
Image,UoE~1~1~24643~219922,2e3ab2b0-abd8-4cf2-9db9-c8d9b85cfe93,0207061c.tif,
Image,UoE~1~1~24642~219923,a14ff248-0d89-47f3-ab16-914545dbfe23,0207060c.tif,
Image,UoE~1~1~24641~219924,591bf428-1ddb-46e0-8845-bf6778d4d621,0207059c.tif,
Image,UoE~1~1~24640~219925,7413621b-a222-4839-ad35-ce5fcbdf2708,0207058c.tif,
Image,UoE~1~1~24639~219926,0b328589-06aa-47ca-b989-9067542c090d,0207057c.tif,
Image,UoE~1~1~24638~219927,47280b21-0555-49c1-b7c8-d36f5eb84621,0207056c.tif,
Image,UoE~1~1~24637~219928,73897d37-8f4f-4c13-8be0-54ad344facdd,0207055c.tif,
Image,UoE~1~1~24636~219929,ee6b5a6a-903c-4397-a925-0ad322f39178,0207054c.tif,
Image,UoE~1~1~24635~219930,a9b5cabe-f037-4728-bda9-5c2ce92acd94,0207053c.tif,
Image,UoE~1~1~24634~219931,b10dc5cc-c6a3-4ba1-bbc2-b690944ef1e9,0207052c.tif,
Image,UoE~1~1~24633~219932,ab53fd6d-f88c-4467-b21b-959c94d9561c,0207051c.tif,
Image,UoE~1~1~24632~219933,f57e58ed-45e8-456a-95b8-d2e2047387b3,0207050c.tif,
Image,UoE~1~1~24631~219934,99db5b20-9de7-4d08-807e-9300b8634ede,0207049c.tif,
Image,UoE~1~1~24630~219935,cf0ab658-3b76-4f2e-84be-481d01e11583,0207048c.tif,
Image,UoE~1~1~24629~219936,af52de8d-31e9-4160-a177-025f45cda16e,0207047c.tif,
Image,UoE~1~1~24628~219937,2095939a-0670-4a49-ad96-7eb1c832b8dc,0207046c.tif,
Image,UoE~1~1~24627~219938,3dc8eac6-8c4d-4e3a-9c9a-16596fb118dc,0207045c.tif,
Image,UoE~1~1~24626~219939,a2f71f00-47ac-4e5a-9de7-2a305f6c3e35,0207044c.tif,
Image,UoE~1~1~24625~219940,e7bc6a64-0de6-4f8e-8ffe-9b703c0480b2,0207043c.tif,
Image,UoE~1~1~24624~219941,fd4d911c-bc61-46e3-9648-1018bf30826d,0207042c.tif,
Image,UoE~1~1~24623~219942,ab82eff0-bd69-4eea-bb59-1cc2fad4d4f4,0207041c.tif,
Image,UoE~1~1~24622~219943,c1b13bac-ddbc-4e16-880f-b47985868b83,0207040c.tif,
Image,UoE~1~1~24621~219944,29ebe003-31d1-4de8-b58b-c5ccad75f07e,0207039c.tif,
Image,UoE~1~1~24620~219945,b8231702-c93c-466b-a09b-ffd3f5f8ada1,0207038c.tif,
Image,UoE~1~1~24619~219946,5588c570-3d3d-49c3-a5e7-d2c7c557dc75,0207037c.tif,
Image,UoE~1~1~24618~219947,ac70e249-7952-47f9-acfa-5d77427dc090,0207036c.tif,
Image,UoE~1~1~24617~219948,fcc13c27-8c16-41df-ba46-e44d19bdb6cc,0207035c.tif,
Image,UoE~1~1~24616~219949,ccd2fb34-1e4f-4489-8e96-fe44ea2fce19,0207034c.tif,
Image,UoE~1~1~24615~219950,c931c166-a7c4-4096-8cc6-e8c5c405a95a,0207033c.tif,
Image,UoE~1~1~24614~219951,2633a0b3-cc17-4802-b164-a401b194808b,0207032c.tif,
Image,UoE~1~1~24613~219952,7016a129-dedb-4221-b972-5e72b2b8bcf6,0207031c.tif,
Image,UoE~1~1~24612~219953,38f2512b-d70c-4d09-bdf2-a47bded1aa80,0207030c.tif,
Image,UoE~1~1~24611~219954,72173f4b-7afd-490e-9be0-21e7cbb85392,0207029c.tif,
Image,UoE~1~1~24610~219955,aa0aed2e-a7bf-4b0d-a2b4-300a0b5066ce,0207028c.tif,
Image,UoE~1~1~24609~219956,94b9db58-fc84-49c4-92a7-67593376d12b,0207027c.tif,
Image,UoE~1~1~24608~219957,4df21ec9-0107-400b-a4a2-d51ba29dac15,0207026c.tif,
Image,UoE~1~1~24607~219958,476980a7-481e-425c-ac9f-cc68ac59399a,0207025c.tif,
Image,UoE~1~1~24606~219959,1ba2f6bb-f16b-4585-a69d-1616a5b4fa2c,0207024c.tif,
Image,UoE~1~1~24605~219960,90de29a2-a306-487b-95d3-2aded8bbe5b0,0207023c.tif,
Image,UoE~1~1~24604~219961,acf7dd3d-ed39-41db-b36f-9c1dbc3f453f,0207022c.tif,
Image,UoE~1~1~24603~219962,a9185bb0-07bd-4ef2-b40f-62228d5036f0,0207021c.tif,
Image,UoE~1~1~24602~219963,edcf8a47-aa6f-4c1b-a969-a97d5649e67d,0207020c.tif,
Image,UoE~1~1~24601~219964,58ac4371-f281-4c87-860d-1b3a3c9e349a,0207019c.tif,
Image,UoE~1~1~24600~219965,71f6e6a2-bd7c-40ca-ae2e-167f0c456273,0207018c.tif,
Image,UoE~1~1~24599~219966,2f8c57df-143c-4fac-bf8e-0abdbd08f141,0207017c.tif,
Image,UoE~1~1~24598~219967,3a46d915-aa3f-456c-a7cf-a949d3e2e82b,0207016c.tif,
Image,UoE~1~1~24597~219968,7455d902-003b-4a2a-94b7-dc9deae9ca9a,0207015c.tif,
Image,UoE~1~1~24596~219969,1dcf2771-d612-45dd-899b-e7802e499696,0207014c.tif,
Image,UoE~1~1~24595~219970,03a3dfa9-8ff1-47dd-b10a-a968ff7cc19c,0207013c.tif,
Image,UoE~1~1~24594~219971,a927db87-0581-40c9-96f5-688d6c2ed042,0207012c.tif,
Image,UoE~1~1~24593~219972,76483687-4c8e-4c93-8e04-4c4ba17336e3,0207011c.tif,
Image,UoE~1~1~24592~219973,e4373466-fc41-410f-84b8-4843ac45560c,0207010c.tif,
Image,UoE~1~1~24591~219974,0c55867d-b04e-4194-90e7-b68665f4a99d,0207009c.tif,
Image,UoE~1~1~24590~219975,f6a930ad-d86a-47b7-a71a-64e1a9f39441,0207008c.tif,
Image,UoE~1~1~24589~219976,5e1e85ba-e903-4f93-9a08-9d5107b39764,0207007c.tif,
Image,UoE~1~1~24588~219977,43272458-57db-4894-8f19-20266e481890,0207006c.tif,
Image,UoE~1~1~24587~219978,2ff8e0d5-99aa-42d2-b393-4294601b4ab8,0207005c.tif,
Image,UoE~1~1~24586~219979,b958dfe0-0f8f-4f7b-af28-b5dc883dca14,0207004c.tif,
Image,UoE~1~1~24585~219980,85a7b005-137e-4bc1-89e7-3e5a1ea78aed,0207003c.tif,
Image,UoE~1~1~24584~219981,92c6b79b-4f69-467f-bb16-6bfd374da639,0207002c.tif,
Image,UoE~1~1~24583~219982,53cc0a5b-2767-48ed-a649-de2973a65c36,0207001c.tif,
Image,UoE~1~1~24582~219983,788f3450-538e-4bec-b52d-42c775b6b553,0207000c.tif,
Image,UoE~1~1~24581~218756,449a736d-009f-468e-9857-d6d398b0e066,0206999c.tif,
Image,UoE~1~1~24580~218757,3e6adecc-8567-412b-85ad-f8e42419ba57,0206998c.tif,
Image,UoE~1~1~24579~218758,31e60630-4008-4e67-9f06-1a85cf60edd6,0206997c.tif,
Image,UoE~1~1~24578~218759,6374a34e-7d1a-4247-a8d2-9fadd629ad08,0206996c.tif,
Image,UoE~1~1~24577~218760,b3ea60a4-6a33-4d6c-8788-aab7ab275c9a,0206995c.tif,
Image,UoE~1~1~24576~218761,eaf809e9-ead2-4b09-93c1-9ad78c7aae59,0206994c.tif,
Image,UoE~1~1~24575~218762,1af7484b-10de-4db1-8510-a1e7b1bd50b5,0206993c.tif,
Image,UoE~1~1~24574~218763,92b49fd9-6a50-426e-ae18-ae93920220ff,0206992c.tif,
Image,UoE~1~1~24573~218764,be11b593-e3b9-4e8d-bd9c-21b99f74c707,0206991c.tif,
Image,UoE~1~1~24572~218765,df8fcfb0-f1e1-4860-a394-881e6e206a38,0206990c.tif,
Image,UoE~1~1~24571~218766,b20eaacb-6013-44e1-b7e2-cf3ee149065d,0206989c.tif,
Image,UoE~1~1~24570~218767,5460c33a-39ca-4a3c-9e1c-26fbf48f8c0e,0206988c.tif,
Image,UoE~1~1~24569~218768,f89dd69f-cb19-4e88-8fd3-1f0ccf56bde8,0206987c.tif,
Image,UoE~1~1~24568~218769,b7e2ee06-084e-4de3-9c5d-ffa2c8991bb7,0206986c.tif,
Image,UoE~1~1~24567~218770,338138db-e657-486f-afb5-b95e114997da,0206985c.tif,
Image,UoE~1~1~24566~218771,20ca92a4-82f1-4463-8606-926cb5a0510b,0206984c.tif,
Image,UoE~1~1~24565~218772,00f19b7d-019f-443d-8556-05fef30bd041,0206983c.tif,
Image,UoE~1~1~24564~218773,687635a3-feda-4707-bc08-68769b9947ac,0206982c.tif,
Image,UoE~1~1~24563~218774,c8e8ca1e-a4d8-46a7-80b0-07198bf13759,0206981c.tif,
Image,UoE~1~1~24562~218775,299712cb-8751-471c-b9ae-58eea3eefe12,0206980c.tif,
Image,UoE~1~1~24561~218776,9e7b38eb-cb45-4e06-b067-8dd58b445691,0206979c.tif,
Image,UoE~1~1~24560~218777,1b49b943-1696-4356-9722-22ab25e703da,0206978c.tif,
Image,UoE~1~1~24559~218778,29b22314-41d1-4bef-80be-c3097341127c,0206977c.tif,
Image,UoE~1~1~24558~218779,c6cf2bc6-3b8f-4dc2-b73f-b294a5260f84,0206976c.tif,
Image,UoE~1~1~24557~218780,b89a2d5e-677f-4695-bb1a-ecf3e868faba,0206975c.tif,
Image,UoE~1~1~24556~218781,1478a93b-c7b2-4d2a-a9a8-362680efa147,0206974c.tif,
Image,UoE~1~1~24555~218782,3c42ac63-3ffb-4639-b49b-bd7f14522011,0206973c.tif,
Image,UoE~1~1~24554~218783,e77139df-225a-4fd5-bd05-4c4bc2141ed3,0206972c.tif,
Image,UoE~1~1~24553~218784,8405ac72-09f2-4298-a3e9-283a6cd7d66a,0206971c.tif,
Image,UoE~1~1~24552~218785,0dfa0fb5-9d70-4553-b29b-5ee1ba412350,0206970c.tif,
Image,UoE~1~1~24551~218786,b3c40e36-6ebe-41e5-a84a-48af7b4e529b,0206969c.tif,
Image,UoE~1~1~24550~218787,6a20c75e-8a30-4333-9046-99a2b00b0cec,0206968c.tif,
Image,UoE~1~1~24549~218788,9d33eb0a-bf81-4162-9751-14a267b7aca0,0206967c.tif,
Image,UoE~1~1~24548~218789,55148a5d-081f-46f8-a0ce-bfa331851cc0,0206966c.tif,
Image,UoE~1~1~24547~218790,b7b05e04-f660-48eb-888f-4911c9d3f663,0206965c.tif,
Image,UoE~1~1~24546~218791,97c3c034-4861-4f69-ab64-21463b2f84e8,0206962c.tif,
Image,UoE~1~1~24545~218792,7c618aaf-d94e-4e7f-8a21-e31a6471c85f,0206961c.tif,
Image,UoE~1~1~24544~218793,7a4b1ec6-9d26-4267-a9c6-e476c2b99ce1,0206960c.tif,
Image,UoE~1~1~24543~218794,89c3babf-bfda-4d88-bd1c-d8101ba93887,0206959c.tif,
Image,UoE~1~1~24542~218795,3c2cba7a-068e-45a3-9f39-5ad120805320,0206958c.tif,
Image,UoE~1~1~24541~218796,322772e5-0e3f-4dda-b2e0-94d19ee13ee5,0206957c.tif,
Image,UoE~1~1~24540~218797,15221b8f-cde1-478e-82b0-3b6a951dc41f,0206956c.tif,
Image,UoE~1~1~24539~218798,b2736d4d-4c87-4595-a4f2-e1c305f5e101,0206955c.tif,
Image,UoE~1~1~24538~218799,11c40bdc-3819-4835-852f-2063fc85c660,0206954c.tif,
Image,UoE~1~1~24537~218800,d8d09236-137a-4081-997f-c7b5c7b98784,0206953c.tif,
Image,UoE~1~1~24536~218801,3cbc2096-c601-42d7-a47f-a842fd6d3dda,0206952c.tif,
Image,UoE~1~1~24535~218802,0152dce7-7f9d-42f1-bd52-e246b675634a,0206951c.tif,
Image,UoE~1~1~24534~218803,2e168012-6f3c-41b7-9a13-d441587406f5,0206950c.tif,
Image,UoE~1~1~24533~218804,c4329f4c-8a37-4793-91bb-8a36afd0b28c,0206949c.tif,
Image,UoE~1~1~24532~218805,e30414a5-5ac1-4ee9-bbaa-11d5d21254ab,0206948c.tif,
Image,UoE~1~1~24531~218806,e5aa8ab4-9fc3-4182-bd71-96bd83859da1,0206947c.tif,
Image,UoE~1~1~24530~218807,ffe8ae5c-b07e-4f59-99b4-ecd0074417ef,0206946c.tif,
Image,UoE~1~1~24529~218808,f50d97b4-7433-428b-a397-68e62f58f862,0206945c.tif,
Image,UoE~1~1~24528~218809,2f3c9a88-5ad7-43fe-abd9-b1e9243dce45,0206944c.tif,
Image,UoE~1~1~24527~218810,1910b32d-8454-4b75-addb-cb446df3991c,0206943c.tif,
Image,UoE~1~1~24526~218811,f43183ff-de4b-49b6-a07d-cbece75c349a,0206942c.tif,
Image,UoE~1~1~24525~218812,0bae95c9-46f4-4411-8ba9-f9952854b5af,0206941c.tif,
Image,UoE~1~1~24524~218813,94f362f9-e366-45d7-b35e-95659c469fbb,0206940c.tif,
Image,UoE~1~1~24523~218814,a9619105-d379-4c28-9471-3888409568d1,0206939c.tif,
Image,UoE~1~1~24522~218815,81cf2d14-3774-4dec-ad8f-38430790cd61,0206938c.tif,
Image,UoE~1~1~24521~218816,4cbce185-fa6d-40b5-9590-c68c9139c341,0206937c.tif,
Image,UoE~1~1~24520~218817,1a954388-8c9b-4d6c-912f-ad03c8f7d919,0206936c.tif,
Image,UoE~1~1~24519~218818,cc721349-c3fc-4a9b-9e34-c2672d6f1965,0206935c.tif,
Image,UoE~1~1~24518~218819,cd9c3535-7fa7-47c2-ae03-7dc058178f91,0206934c.tif,
Image,UoE~1~1~24517~218820,7949c13b-f8c7-41d2-a58b-4b4108a36556,0206933c.tif,
Image,UoE~1~1~24516~218821,dbed2d58-6330-4cdd-b2a0-68c007687a71,0206932c.tif,
Image,UoE~1~1~24515~218822,8a8263f0-1025-4ecb-a610-7258f67a3351,0206931c.tif,
Image,UoE~1~1~24514~218823,69df78e4-f84e-40ba-849b-97e07d326774,0206930c.tif,
Image,UoE~1~1~24513~218824,5bc51a7e-0bfe-4100-8435-38f9baa026bd,0206929c.tif,
Image,UoE~1~1~24512~218825,8354ba19-7671-4ab6-a2fd-bac4014b40fb,0206928c.tif,
Image,UoE~1~1~24511~218826,0d1ecccd-754b-4f28-bcee-7c7b4c7ce1f1,0206927c.tif,
Image,UoE~1~1~24510~218827,68568509-eeef-4890-acd0-1f2697463faa,0206926c.tif,
Image,UoE~1~1~24509~218828,a6083646-b0e1-4c93-bf9b-8afe3bb4b4c6,0206925c.tif,
Image,UoE~1~1~24508~218829,769fe4b0-3c68-4487-a535-15e809560e9a,0206924c.tif,
Image,UoE~1~1~24507~218830,d131b7d1-12b1-4d04-9373-617664a509df,0206923c.tif,
Image,UoE~1~1~24506~218831,65487008-e992-483f-bd61-6668df06dc39,0206922c.tif,
Image,UoE~1~1~24505~218832,f71329e9-675d-425a-9d92-ee435a5714ce,0206921c.tif,
Image,UoE~1~1~24504~218833,540c0006-3f58-4f4e-8485-a03d80204e41,0206920c.tif,
Image,UoE~1~1~24503~218834,e89e9378-fc2b-40a7-b7df-a88c21c34623,0206919c.tif,
Image,UoE~1~1~24502~218835,5d2ee571-3726-444f-beed-b2db1aade987,0206918c.tif,
Image,UoE~1~1~24501~218836,6400adb6-2a23-4a79-aa5b-ed40ce92b0ec,0206917c.tif,
Image,UoE~1~1~24500~218837,aafca733-d88d-40ba-8577-c474b49868ff,0206916c.tif,
Image,UoE~1~1~24499~218838,ab028a40-842b-44af-80f7-c31d163eabdb,0206915c.tif,
Image,UoE~1~1~24498~218839,5b923067-fbae-4bfd-90fd-d60b8f7147a0,0206914c.tif,
Image,UoE~1~1~24497~218840,f1b49248-5afa-4fd5-9a90-7db4496d6850,0206913c.tif,
Image,UoE~1~1~24496~218841,91a03e70-d106-48d1-a2b5-d879868454bd,0206912c.tif,
Image,UoE~1~1~24495~218842,f85e8520-5a33-40b1-8f7c-3fb69ee1f844,0206911c.tif,
Image,UoE~1~1~24494~218843,5868728f-0373-4ae7-8795-8cde61b7beb9,0206910c.tif,
Image,UoE~1~1~24493~218844,b1473a01-518e-4efc-9e44-c6c102b19e8a,0206909c.tif,
Image,UoE~1~1~24492~218845,5cb4f3c9-7da2-41b9-adfc-b791a1736aa2,0206908c.tif,
Image,UoE~1~1~24491~218846,7be66f08-2565-478d-91f2-5f922d4d1f9a,0206907c.tif,
Image,UoE~1~1~24490~218847,45fb0b38-447c-4164-8534-a4043350cdd3,0206906c.tif,
Image,UoE~1~1~24489~218848,82060a30-c74e-47fd-8d4c-fde702fd9421,0206905c.tif,
Image,UoE~1~1~24488~218849,df5b8045-7bc8-440b-8e1d-d8b33d445d2f,0206904c.tif,
Image,UoE~1~1~24487~218850,0f2053ba-74b6-4019-bbc0-bea549a990a7,0206903c.tif,
Image,UoE~1~1~24486~218851,55e4c806-ccd2-4838-b541-0c969a63b695,0206902c.tif,
Image,UoE~1~1~24485~218852,40c6d594-9975-4aed-ae5e-98dc69b42495,0206901c.tif,
Image,UoE~1~1~24484~218853,9e0b8b87-84a8-4063-b60a-f7d53faa0a0a,0206900c.tif,
Image,UoE~1~1~24483~218854,26d5aeac-0e01-4916-8bb3-14177db3cea6,0206899c.tif,
Image,UoE~1~1~24482~218855,16ec0a27-d365-4736-ba76-0e43cd125906,0206898c.tif,
Image,UoE~1~1~24481~218856,73fe6784-bb59-498e-bbdc-49bf0f3c792b,0206897c.tif,
Image,UoE~1~1~24480~218857,0d478395-fea6-4c8c-bab2-e363ee262b93,0206896c.tif,
Image,UoE~1~1~24479~218858,edc91350-364c-4ca2-b03b-e113947a0453,0206895c.tif,
Image,UoE~1~1~24478~218859,8466d335-804a-4134-9aaf-3e54a7d3ae43,0206894c.tif,
Image,UoE~1~1~24477~218860,761d4d44-9d71-4e5f-81c6-e429cefcc6df,0206893c.tif,
Image,UoE~1~1~24476~218861,7721e80d-5011-48af-b046-d7551a01b078,0206892c.tif,
Image,UoE~1~1~24475~218862,2c9e4b98-f47e-444d-b99e-43e488038010,0206891c.tif,
Image,UoE~1~1~24474~218863,42cac782-9ebd-49df-9b05-5ceb480a8e10,0206890c.tif,
Image,UoE~1~1~24473~218864,a335e762-b46b-48fc-848e-02e47fae1b52,0206889c.tif,
Image,UoE~1~1~24472~218865,18ca239f-6671-4640-bc21-561e3ad0cde7,0206888c.tif,
Image,UoE~1~1~24471~218866,bb2c8bd0-d0c3-410f-8581-ca9602cfd734,0206887c.tif,
Image,UoE~1~1~24470~218867,7f14696b-3ff6-423e-a493-991e8da6e6d8,0206886c.tif,
Image,UoE~1~1~24469~218868,79e26727-55f7-4194-88d8-789602438c25,0206885c.tif,
Image,UoE~1~1~24468~218869,91f0306c-d099-4aa6-9bbd-97ba6e8b576d,0206884c.tif,
Image,UoE~1~1~24467~218870,05343fbe-d47d-4dee-b505-2b592d41be97,0206883c.tif,
Image,UoE~1~1~24466~218871,f2c3c51a-2620-43a7-a55c-05521144ae26,0206882c.tif,
Image,UoE~1~1~24465~218872,6b2d05dc-9b3e-428c-bcac-a89ea373d6e9,0206881c.tif,
Image,UoE~1~1~24464~218873,2e4fbb37-5a67-4012-bbd5-e53780b3c941,0206880c.tif,
Image,UoE~1~1~24463~218874,537f5a63-d0ef-4702-925d-4369e268608e,0206879c.tif,
Image,UoE~1~1~24462~218875,555e97d5-d24e-4662-b901-218c1e448399,0206878c.tif,
Image,UoE~1~1~24461~218876,fdd04314-fbb0-4585-b55a-8085d9531699,0206877c.tif,
Image,UoE~1~1~24460~218877,5070aba7-6348-424e-b4e0-208ac669b4f2,0206876c.tif,
Image,UoE~1~1~24459~218878,3c706d0f-a9c5-430f-9dca-f1be280f0117,0206875c.tif,
Image,UoE~1~1~24458~218879,e8f0f816-3bb5-48d5-a393-8cc3cbffa572,0206874c.tif,
Image,UoE~1~1~24457~218880,667102c5-1b23-4781-95a6-21cf6a57eea8,0206873c.tif,
Image,UoE~1~1~24456~218881,4340a41d-7db2-4803-9408-941d92c3eae9,0206872c.tif,
Image,UoE~1~1~24455~218882,ba8a605a-3fcc-4d40-85b5-95b3cc9c3084,0206871c.tif,
Image,UoE~1~1~24454~218883,2f4a6e8c-b34c-4998-81c4-ab7e2fff45b0,0206870c.tif,
Image,UoE~1~1~24453~218884,2869c992-aada-4fff-85ad-e8bfe139af2f,0206869c.tif,
Image,UoE~1~1~24452~218885,6ac16637-1cca-445a-9d69-1a8fd2107fb5,0206868c.tif,
Image,UoE~1~1~24451~218886,57ced843-dc18-4f5d-8921-0e43612d768e,0206867c.tif,
Image,UoE~1~1~24450~218887,89dfdccb-ccc4-4500-b744-e10c51082550,0206866c.tif,
Image,UoE~1~1~24449~218888,7ba72f14-5de8-4bbd-932d-0ebfa6dc7f32,0206865c.tif,
Image,UoE~1~1~24448~218889,56e2c468-f679-4b80-b470-347bcfd0343d,0206864c.tif,
Image,UoE~1~1~24447~218890,14bc14cc-4d43-48be-a7f4-3c930df1e9ea,0206863c.tif,
Image,UoE~1~1~24446~218891,9c5e11a5-3b1e-4678-bcec-d6d43c0e22dd,0206862c.tif,
Image,UoE~1~1~24445~218892,e8e1e66b-fa36-40d2-928a-9850f089fde7,0206861c.tif,
Image,UoE~1~1~24444~218893,a51b2130-6bd3-41cc-b5ad-d6e755c8b0f6,0206860c.tif,
Image,UoE~1~1~24443~218894,53b2d809-5396-4930-8cb8-b16046aa14fc,0206859c.tif,
Image,UoE~1~1~24442~218895,b58d9607-1c92-4a80-870b-161a07988a18,0206858c.tif,
Image,UoE~1~1~24441~218896,f78df2f2-66e4-4bb7-9ad9-b635938d17a5,0206857c.tif,
Image,UoE~1~1~24440~218897,98a3f5ef-05da-4f07-87c0-1eb417867546,0206856c.tif,
Image,UoE~1~1~24439~218898,36c34ba9-518e-41c2-a5be-3190a2bd6876,0206855c.tif,
Image,UoE~1~1~24438~218899,aec72b75-4a1e-4aa1-b587-880f0ccc9d09,0206854c.tif,
Image,UoE~1~1~24437~218900,3f7ead09-5fff-4e1a-8b08-e97e3bdc4d08,0206853c.tif,
Image,UoE~1~1~24436~218901,bec477ac-4ff8-479a-8da1-55fa307a19c6,0206852c.tif,
Image,UoE~1~1~24435~218902,36663ac0-4fc9-42a1-b15b-a4ec98034706,0206851c.tif,
Image,UoE~1~1~24434~218903,42148e3d-3377-4e87-8616-e8645d8359a7,0206850c.tif,
Image,UoE~1~1~24433~218904,3e88e836-d1d6-4dfd-9ea4-33815d090dd5,0206849c.tif,
Image,UoE~1~1~24432~218905,1839d1ba-fe63-443e-9da7-56c87e7e0525,0206848c.tif,
Image,UoE~1~1~24431~218906,0b017915-f207-4e6d-aa56-033495f36b82,0206847c.tif,
Image,UoE~1~1~24430~218907,57594823-b8ca-4d99-bc71-3d88779eb70c,0206846c.tif,
Image,UoE~1~1~24429~218908,edf5b758-e929-4405-a068-1a0ce47b924f,0206845c.tif,
Image,UoE~1~1~24428~218909,07341482-7411-4756-bfb9-ea3b852b3a56,0206844c.tif,
Image,UoE~1~1~24427~218910,b5193496-6883-4b95-a6f0-e8beb524c539,0206843c.tif,
Image,UoE~1~1~24426~218911,076d207d-f0c2-49bc-b945-abc7b9546af4,0206842c.tif,
Image,UoE~1~1~24425~218912,6a2f0ea4-db93-4764-be16-bf2ddc28ea87,0206841c.tif,
Image,UoE~1~1~24424~218913,8c7b7993-08ff-4c56-b57b-84b6af589843,0206840c.tif,
Image,UoE~1~1~24423~218914,f66e2aa9-9e66-4722-9815-8db63d9c2e64,0206839c.tif,
Image,UoE~1~1~24422~218915,f6d2be91-3eff-4dc1-9a96-2d5aae10efd1,0206838c.tif,
Image,UoE~1~1~24421~218916,46d71f7c-6ee1-4735-833f-edd1db55f35b,0206837c.tif,
Image,UoE~1~1~24420~218917,8256175b-7a3d-4a3f-a97e-a9f0bb72a3f1,0206836c.tif,
Image,UoE~1~1~24419~218918,9c3714a5-cc63-4898-bd09-5ea7186a62f9,0206835c.tif,
Image,UoE~1~1~24418~218919,a8a65b30-1b3d-44c7-8cd6-a7bae6fedd6b,0206834c.tif,
Image,UoE~1~1~24417~218920,3392e2e9-9114-4b72-9802-441a3bef8f88,0206833c.tif,
Image,UoE~1~1~24416~218921,b8b9122b-2545-4fbe-a317-5f9361bea4e2,0206832c.tif,
Image,UoE~1~1~24415~218922,a4ae2888-9f0c-4271-878e-782fb11e8295,0206831c.tif,
Image,UoE~1~1~24414~218923,4daf2f24-bee8-4614-b64f-0c49d261422d,0206830c.tif,
Image,UoE~1~1~24413~218924,ea1f5b8a-3981-4746-a1bd-b57c5ec3fbc1,0206829c.tif,
Image,UoE~1~1~24412~218925,315348d6-8f2a-4782-91bb-d4486f90ccbc,0206828c.tif,
Image,UoE~1~1~24411~218926,8a90bebe-ba1f-467b-8904-87929884c1a5,0206827c.tif,
Image,UoE~1~1~24410~218927,64d3ceba-ec9a-4507-8416-bc0154128734,0206826c.tif,
Image,UoE~1~1~24409~218928,a296cdd0-9a73-4115-b59d-fb9056109027,0206825c.tif,
Image,UoE~1~1~24408~218929,78d98456-00b6-412f-b20d-9607c7a725a3,0206824c.tif,
Image,UoE~1~1~24407~218930,7625c75f-376b-4f49-8763-99e36c6ad95d,0206823c.tif,
Image,UoE~1~1~24406~218931,735a842b-0955-47c0-a1b0-0f9b34904b09,0206822c.tif,
Image,UoE~1~1~24405~218932,62b7cd3a-d645-4bb7-a4a8-c18e1a4ec3b2,0206821c.tif,
Image,UoE~1~1~24404~218933,8ada3c9c-1168-4893-bea9-92976729bbe3,0206820c.tif,
Image,UoE~1~1~24403~218934,940f8431-64d2-460e-bd4e-2d6028f1be27,0206819c.tif,
Image,UoE~1~1~24402~218935,ea779e50-8ee2-4967-8aaf-80628d5e2070,0206818c.tif,
Image,UoE~1~1~24401~218936,4e1eb3de-ae2b-402b-9e2e-0ba3ec456794,0206817c.tif,
Image,UoE~1~1~24400~218937,60cedbed-6515-4caa-a45b-3e06cacb233d,0206816c.tif,
Image,UoE~1~1~24399~218938,bf433a73-9f07-4a5c-b1eb-ef176b2de969,0206815c.tif,
Image,UoE~1~1~24398~218939,67742de8-0d41-4f37-b535-2c8996eaa570,0206814c.tif,
Image,UoE~1~1~24397~218940,33dcfb14-fc32-4628-a740-33920f9ffd96,0206813c.tif,
Image,UoE~1~1~24396~218941,929cfdcc-4f41-4f40-9a9c-aeefa0e3bf18,0206812c.tif,
Image,UoE~1~1~24395~218942,5b015722-0929-4b29-b60a-fb8455323322,0206811c.tif,
Image,UoE~1~1~24394~218943,cd5be8ba-c0ca-4c7d-933e-7ae520c44814,0206810c.tif,
Image,UoE~1~1~24393~218944,02ae7978-1599-4358-9b7c-375bbdb1c23b,0206809c.tif,
Image,UoE~1~1~24392~218945,0961af3b-4655-4189-9f03-2152ecfbdd65,0206808c.tif,
Image,UoE~1~1~24391~218946,ae11a53e-ef7a-4526-9f44-3abf5111a505,0206807c.tif,
Image,UoE~1~1~24390~218947,a9ef9c3a-28f0-454f-beb1-813f21ae6b1e,0206806c.tif,
Image,UoE~1~1~24389~218948,0337f758-b48c-47db-b6df-a22474c118bd,0206805c.tif,
Image,UoE~1~1~24388~218949,5e3de326-d11e-499b-b773-20b3dafb558e,0206804c.tif,
Image,UoE~1~1~24387~218950,c7992d50-5b3e-491d-a01d-c1f2dcf5a6c6,0206803c.tif,
Image,UoE~1~1~24386~218951,ef4b100f-28ef-41ce-a055-72654b1f8e0e,0206802c.tif,
Image,UoE~1~1~24385~218952,be3f2ad9-4354-4c39-a2e0-bf807b63402c,0206801c.tif,
Image,UoE~1~1~24384~218953,ae1ae5e3-fe82-43d4-9dda-4e7f126e8be0,0206800c.tif,
Image,UoE~1~1~24383~218954,a62266a7-9608-4796-96d4-8c52ac82203c,0206799c.tif,
Image,UoE~1~1~24382~218955,0151b5f6-4b6d-422e-9a01-459592a0ce4c,0206798c.tif,
Image,UoE~1~1~24381~218956,84e95ef3-3c23-4624-a67e-e052125a7f58,0206797c.tif,
Image,UoE~1~1~24380~218957,8f165d2b-16b7-4316-a0b5-ea8d0db2acab,0206796c.tif,
Image,UoE~1~1~24379~218958,db4ba45e-bd19-4d46-8264-cf12ec826519,0206795c.tif,
Image,UoE~1~1~24378~218959,02df0cfe-b9db-437f-8258-4e0f2fc29690,0206794c.tif,
Image,UoE~1~1~24377~218960,a296f625-a182-407e-be5d-90c622c39ac8,0206793c.tif,
Image,UoE~1~1~24376~218961,e44ee2a0-dd7c-4702-a8c8-19dc3261381f,0206792c.tif,
Image,UoE~1~1~24375~218962,dacfebd2-5247-4c1f-bf57-0953c89de94d,0206791c.tif,
Image,UoE~1~1~24374~218963,5cd3dcae-08d6-4398-9402-07341c9cb813,0206790c.tif,
Image,UoE~1~1~24373~218964,21923ed6-5fc9-4b21-ac09-a2b72150f505,0206789c.tif,
Image,UoE~1~1~24372~218965,ca97031a-e388-4ecc-8c3a-7fdbf70a748d,0206788c.tif,
Image,UoE~1~1~24371~218966,962802e5-bb8e-4bcc-a911-283893fe46cf,0206787c.tif,
Image,UoE~1~1~24370~218967,698a26b2-a301-47cb-83fe-4cd7e11819fc,0206786c.tif,
Image,UoE~1~1~24369~218968,e9783055-4ebf-465c-a12a-88a88aa57863,0206785c.tif,
Image,UoE~1~1~24368~218969,f0c63520-0b5a-4c62-8749-4bf1b7df8d51,0206784c.tif,
Image,UoE~1~1~24367~218970,a8b8373f-88f2-4cde-8d3f-bdff6146f9d0,0206783c.tif,
Image,UoE~1~1~24366~218971,866f3255-c2b8-4e99-abf4-da6089f5419e,0206782c.tif,
Image,UoE~1~1~24365~218972,8a1daf01-0606-4867-b37c-0430804f7d69,0206781c.tif,
Image,UoE~1~1~24364~218973,8ad131bb-2e01-4faa-87dd-04ca57cfc149,0206780c.tif,
Image,UoE~1~1~24363~218974,0925c179-37f0-47ba-8981-d7238a0b9f9f,0206779c.tif,
Image,UoE~1~1~24362~218975,adab4b94-bb70-4532-b94e-037d2b37e196,0206778c.tif,
Image,UoE~1~1~24361~218976,f1cfbdbb-83dc-4019-8817-505fc728523e,0206777c.tif,
Image,UoE~1~1~24360~218977,8dda140c-1c38-4f3a-a16c-56699dec35b4,0206776c.tif,
Image,UoE~1~1~24359~218978,1e278d2d-3a9d-42c6-a462-0ec0b8766dac,0206775c.tif,
Image,UoE~1~1~24358~218979,51fc1f9b-e650-436c-96ba-38e5d367568d,0206774c.tif,
Image,UoE~1~1~24357~218980,ee2004a8-4d15-45e2-a7b9-6a214a2dc4cc,0206773c.tif,
Image,UoE~1~1~24356~218981,e735cde6-596c-4f27-978a-44dc6f4b8b45,0206772c.tif,
Image,UoE~1~1~24355~218982,4dc275c0-eba3-4f2d-8bcf-a9a8cbe890ca,0206771c.tif,
Image,UoE~1~1~24354~218983,ed327556-67da-4f8e-9c11-833ebf7d2e10,0206770c.tif,
Image,UoE~1~1~24353~218984,216ccd85-c7e0-430b-ab6f-226f40dd9bcf,0206769c.tif,
Image,UoE~1~1~24352~218985,bef9a8b6-f586-4215-bbd4-37192acfb7d7,0206768c.tif,
Image,UoE~1~1~24351~218986,81f685c2-0c63-4a00-863c-5562a344e365,0206767c.tif,
Image,UoE~1~1~24350~218987,dd222ea6-abfe-4171-90ec-443dcbd3d14c,0206766c.tif,
Image,UoE~1~1~24349~218988,6e61151c-5686-4fbd-b183-4c9c1572746c,0206765c.tif,
Image,UoE~1~1~24348~218989,c0e2f41b-1d78-4dc1-9433-86976887afd0,0206764c.tif,
Image,UoE~1~1~24347~218990,a1fac33d-1e19-49dc-b8be-90b166881e9b,0206763c.tif,
Image,UoE~1~1~24346~218991,2af560b2-35fe-43a6-8219-c22b356992bc,0206762c.tif,
Image,UoE~1~1~24345~218992,fee062a7-8010-43c8-8881-935c91c21c22,0206761c.tif,
Image,UoE~1~1~24344~218993,c15fbba5-10b5-4f75-8290-1ee63e939c08,0206760c.tif,
Image,UoE~1~1~24343~218994,371a8178-a6f4-43e9-84e1-cb84846cd8c7,0206759c.tif,
Image,UoE~1~1~24342~218995,99ef3404-fcfd-4780-8914-5ca99056bc56,0206758c.tif,
Image,UoE~1~1~24341~218996,bcc47cc3-b570-44f4-a239-229dbcabf488,0206757c.tif,
Image,UoE~1~1~24340~218997,724321a8-074f-4cd2-94b3-ddc7edd9e1de,0206756c.tif,
Image,UoE~1~1~24339~218998,b3339ad8-2217-4687-9f39-8d7990ae3436,0206755c.tif,
Image,UoE~1~1~24338~218999,50e836cb-388a-474d-a18c-4ada8035c239,0206754c.tif,
Image,UoE~1~1~24337~219000,90bbb7ad-be55-4664-b811-69ac133b4bb3,0206753c.tif,
Image,UoE~1~1~24336~219001,e98c3209-f7e3-43bb-a1f2-8f65bbe40e6a,0206752c.tif,
Image,UoE~1~1~24335~219002,38d61c33-5978-46d8-884e-0206e204005f,0206751c.tif,
Image,UoE~1~1~24334~219003,7a0ff0b5-5f5a-4530-80c0-ab4a56455dcc,0206750c.tif,
Image,UoE~1~1~24333~219004,eb261d99-f635-4477-ba73-03879c93795a,0206749c.tif,
Image,UoE~1~1~24332~219005,aad0e18d-3b16-467c-8b14-41e8812e11dc,0206748c.tif,
Image,UoE~1~1~24331~219006,723155fd-9923-4bb1-9c94-549a178bbc90,0206747c.tif,
Image,UoE~1~1~24330~219007,e185e068-b0c4-490b-809d-ee272345e2dc,0206746c.tif,
Image,UoE~1~1~24329~219008,62af8571-5341-4b88-bb55-368a5b232b0d,0206745c.tif,
Image,UoE~1~1~24328~219009,675fc045-e0f1-4ef0-ae92-bf012c650744,0206744c.tif,
Image,UoE~1~1~24327~219010,063835a0-0a77-4953-be28-8df874edcd69,0206743c.tif,
Image,UoE~1~1~24326~219011,456a6dd7-0882-47b2-96de-f4a8ff576388,0206742c.tif,
Image,UoE~1~1~24325~219012,a0c5ce91-3e71-49f6-814b-172febd0fee9,0206741c.tif,
Image,UoE~1~1~24324~219013,06be5b27-ecbd-4560-9d91-729eb9693689,0206740c.tif,
Image,UoE~1~1~24323~219014,82bce3da-f993-42ce-913e-3d53496efd0b,0206739c.tif,
Image,UoE~1~1~24322~219015,058543b5-235d-47dc-8645-ca3c277fc8c6,0206738c.tif,
Image,UoE~1~1~24321~219016,ea454e02-92f4-4c66-a9dc-42a669b91311,0206737c.tif,
Image,UoE~1~1~24320~219017,6345ecd1-42db-4ae7-a8d0-3c70403a5880,0206736c.tif,
Image,UoE~1~1~24319~219018,3379ebd8-6fe5-4f26-99c4-75f6c1602e9b,0206735c.tif,
Image,UoE~1~1~24318~219019,cc60f6ec-54d2-44ed-8387-a9807803a11f,0206734c.tif,
Image,UoE~1~1~24317~219020,448302c1-b3f1-49de-95bc-775d038a3465,0206733c.tif,
Image,UoE~1~1~24316~219021,d03dd25d-d528-4ad4-bc96-c978b8f7bbe0,0206732c.tif,
Image,UoE~1~1~24315~219022,2c59e66f-2127-4727-ae1d-7114cd7efada,0206731c.tif,
Image,UoE~1~1~24314~219023,ff6e72bc-0c9b-4547-b6c2-acda1a4de437,0206730c.tif,
Image,UoE~1~1~24313~219024,9f6045b4-3fca-48e0-8acb-50db5e60b33f,0206729c.tif,
Image,UoE~1~1~24312~219025,f33266f7-3b93-4325-8b9c-ceced1fe0ae0,0206728c.tif,
Image,UoE~1~1~24311~219026,aa88476a-c043-4c12-9d8f-908ed0343ab1,0206727c.tif,
Image,UoE~1~1~24310~219027,58ea294d-774b-4bf5-a1b8-bb56de4e38ac,0206726c.tif,
Image,UoE~1~1~24309~219028,7a89e37a-5009-464d-b248-2ae040a844ca,0206725c.tif,
Image,UoE~1~1~24308~219029,4103fa85-9f33-4626-9f55-3c0b39e251b1,0206724c.tif,
Image,UoE~1~1~24307~219030,8ae8d824-95e3-4f91-8eef-6475933ab04d,0206723c.tif,
Image,UoE~1~1~24306~219031,ebbb236d-cdca-4354-850c-20b90fc92b9e,0206722c.tif,
Image,UoE~1~1~24305~219032,337b51cf-b113-42d2-a9a9-5e80eaf06a26,0206721c.tif,
Image,UoE~1~1~24304~219033,e2219a3c-9bfa-496c-a793-df43de322485,0206720c.tif,
Image,UoE~1~1~24303~219034,335fabe4-fcb8-44b0-a55f-61d58544fb36,0206719c.tif,
Image,UoE~1~1~24302~219035,6dadedaa-4570-456d-8989-dd6bf24ff78d,0206718c.tif,
Image,UoE~1~1~24301~219036,03a44239-4a49-4f29-9dd3-9da16a692831,0206717c.tif,
Image,UoE~1~1~24300~219037,3e9df561-a18e-4a0a-9655-f5655f6e42db,0206716c.tif,
Image,UoE~1~1~24299~219038,cc43fac4-b50d-4704-95bb-28fc00c8eb06,0206715c.tif,
Image,UoE~1~1~24298~219039,c4897377-1b23-4972-96bb-ff5495b72f2d,0206714c.tif,
Image,UoE~1~1~24297~219040,2f5d9bdf-9be3-4f93-8e6d-a638c8efd0ec,0206713c.tif,
Image,UoE~1~1~24296~219041,321278d2-37c0-4475-8402-79053b54509d,0206712c.tif,
Image,UoE~1~1~24295~219042,be63b4b5-00b6-4776-aa5d-83cf931b2413,0206711c.tif,
Image,UoE~1~1~24294~219043,4be1cdcc-b466-4bad-8d97-458e5ebe74ed,0206710c.tif,
Image,UoE~1~1~24293~219044,cd427b16-518a-4dc0-a3a2-fd81c8775b20,0206709c.tif,
Image,UoE~1~1~24292~219045,54c73886-afdd-4694-801c-7e62bf928ad1,0206708c.tif,
Image,UoE~1~1~24291~219046,7d97ac16-2516-4ff7-85f5-03dfa7e411c1,0206707c.tif,
Image,UoE~1~1~24290~219047,ada1f5ea-304c-4108-b79c-5fd29363c05a,0206706c.tif,
Image,UoE~1~1~24289~219048,cbc69907-c081-4bce-8b29-2b8734cc829d,0206705c.tif,
Image,UoE~1~1~24288~219049,e590f985-80dc-404e-bc79-e9b265bc05ba,0206704c.tif,
Image,UoE~1~1~24287~219050,5f038dd3-ed64-4f26-98fe-c3fc2c50dc58,0206703c.tif,
Image,UoE~1~1~24286~219051,4455e9a7-bf6b-4963-976f-4c9a389ee3a9,0206702c.tif,
Image,UoE~1~1~24285~219052,c7abbfd6-4374-4fbd-abb4-2c52cbe07120,0206701c.tif,
Image,UoE~1~1~24284~219053,eb6c6728-658d-4063-a1fb-ce7b24424eef,0206700c.tif,
Image,UoE~1~1~24283~219054,de77416f-0e7f-4631-93de-88ab1f941f2d,0206699c.tif,
Image,UoE~1~1~24282~219055,8b37ec4c-56d8-431c-84b3-4f9616c16fc7,0206698c.tif,
Image,UoE~1~1~24281~219056,2a1e1780-7a25-4e09-9931-88e216216d1d,0206697c.tif,
Image,UoE~1~1~24280~219057,9e817ef0-cabc-4125-b6d7-dba466c7c7ad,0206696c.tif,
Image,UoE~1~1~24279~219058,9ae6f992-2ed3-42ff-9546-22a5cbae55fa,0206695c.tif,
Image,UoE~1~1~24278~219059,1443b987-cb59-4e97-ad2d-04cd9a49069a,0206694c.tif,
Image,UoE~1~1~24277~219060,bd5a54dd-bee8-4b5b-b75d-b33558bbe7a3,0206693c.tif,
Image,UoE~1~1~24276~219061,ab2ed881-afa7-47d6-8026-942c7582f5a5,0206692c.tif,
Image,UoE~1~1~24275~219062,29d7ec7f-62ab-4595-ab53-1303bf38b7bc,0206691c.tif,
Image,UoE~1~1~24274~219063,82df64d8-37f2-4953-aab1-ae6bbb289444,0206690c.tif,
Image,UoE~1~1~24273~219064,0dd1b0bd-9816-4c3d-9a01-c4a594ce8686,0206689c.tif,
Image,UoE~1~1~24272~219065,61d5de7a-3f6d-4323-b477-a354914749a9,0206688c.tif,
Image,UoE~1~1~24271~219066,a1b843f1-f102-4011-9af9-fdf023fbf675,0206687c.tif,
Image,UoE~1~1~24270~219067,b08b94fd-2597-44aa-8870-82902b64c572,0206686c.tif,
Image,UoE~1~1~24269~219068,ecf32ab6-c9e5-433e-9b55-afe4d7841cf5,0206685c.tif,
Image,UoE~1~1~24268~219069,374e5de5-a8de-473e-b35c-dec8d072603e,0206684c.tif,
Image,UoE~1~1~24267~219070,4dea3232-21c1-4fe1-a288-ffd3676245c2,0206683c.tif,
Image,UoE~1~1~24266~219071,983f5efe-3443-4c83-9967-31d0b882a729,0206682c.tif,
Image,UoE~1~1~24265~219072,3734a2f9-4997-4035-b1c1-92ef028be6c8,0206681c.tif,
Image,UoE~1~1~24264~219073,dffa34bb-cf03-468b-be50-ca43cd215274,0206680c.tif,
Image,UoE~1~1~24263~219074,176b800b-4898-4005-9dfa-b3027eb20e2b,0206679c.tif,
Image,UoE~1~1~24262~219075,878694f0-cf81-41bf-9e33-68d35002daa3,0206678c.tif,
Image,UoE~1~1~24261~219076,3942611a-9e1e-475c-805f-d34a6a79140b,0206677c.tif,
Image,UoE~1~1~24260~219077,3395c77c-2fa9-4f42-9b3d-4c432173ed7e,0206676c.tif,
Image,UoE~1~1~24259~219078,4581fca2-459f-4efe-8557-d6501a67361f,0206675c.tif,
Image,UoE~1~1~24258~219079,9d2cc9af-b9dd-42ca-995c-a86769f5ee60,0206674c.tif,
Image,UoE~1~1~24257~219080,8c27737f-493c-45eb-ae5a-6be1703471c4,0206673c.tif,
Image,UoE~1~1~24256~219081,6cd30dcb-8c45-4e42-ad71-e1a92f43a12c,0206672c.tif,
Image,UoE~1~1~24255~219082,d3c22586-62dd-4188-acc8-1ca8a176f3ef,0206671c.tif,
Image,UoE~1~1~24254~219083,7d2f3311-f5da-4290-abc5-dd9fbb6e8de2,0206670c.tif,
Image,UoE~1~1~24253~219084,85020609-83df-45bc-b824-707aff69f670,0206669c.tif,
Image,UoE~1~1~24252~219085,44043122-f50a-4be2-bb10-b409c7f6c6bd,0206668c.tif,
Image,UoE~1~1~24251~219086,de280802-0f8e-4b33-9b49-b1643d98c120,0206667c.tif,
Image,UoE~1~1~24250~219087,34f918e6-ce39-4c1b-89c3-6a94e739b7ee,0206666c.tif,
Image,UoE~1~1~24249~219088,afccdb56-d591-4b40-852a-d98f2e53779e,0206665c.tif,
Image,UoE~1~1~24248~219089,72753c16-6760-480a-b970-9238000072b7,0206664c.tif,
Image,UoE~1~1~24247~219090,84f65628-625e-49e1-bd08-f89d6036faf0,0206663c.tif,
Image,UoE~1~1~24246~219091,860f6744-4081-470f-9e48-196efbf8d686,0206662c.tif,
Image,UoE~1~1~24245~219092,bc151434-8a2a-4530-86f2-02c7b4ae21c4,0206661c.tif,
Image,UoE~1~1~24244~219093,31b311e4-b7c7-4879-967f-c1550236d0e2,0206660c.tif,
Image,UoE~1~1~24243~219094,d5681a37-d767-4af3-a403-cdb087d56eea,0206659c.tif,
Image,UoE~1~1~24242~219095,a6e159d3-ce14-4b9e-ba82-9d4b9ca92fdd,0206658c.tif,
Image,UoE~1~1~24241~219096,3faa5000-5950-4a70-ac41-59a6e84f8641,0206657c.tif,
Image,UoE~1~1~24240~219097,12d04bb1-269d-42bf-93b7-25b58384234d,0206656c.tif,
Image,UoE~1~1~24239~219098,aba28f72-1d87-47fd-b414-dfef9acd4744,0206655c.tif,
Image,UoE~1~1~24238~219099,e8a01128-3c5d-4a04-b876-e7435bec45a8,0206654c.tif,
Image,UoE~1~1~24237~219100,b99776c1-58bc-4dab-8443-20abdf756008,0206653c.tif,
Image,UoE~1~1~24236~219101,be2a713e-9719-4f13-8214-ca3bd0972389,0206652c.tif,
Image,UoE~1~1~24235~219102,163952ad-dd23-4334-8d0e-34618a30faac,0206651c.tif,
Image,UoE~1~1~24234~219103,f2ac405b-3d94-4975-b565-fddb9379805c,0206650c.tif,
Image,UoE~1~1~24233~219104,2f9c38b9-c458-44df-a5db-2a473b62977d,0206649c.tif,
Image,UoE~1~1~24232~219105,fd07743f-cc14-427b-99c8-a4b939691a1e,0206648c.tif,
Image,UoE~1~1~24231~219106,6a45baaa-80c7-44da-999a-ec06f4cf26ee,0206647c.tif,
Image,UoE~1~1~24230~219107,48329dcd-678c-4114-b1e9-78b69faa4e54,0206646c.tif,
Image,UoE~1~1~24229~219108,2e917561-3e3a-4bb2-b69d-ae568901134e,0206645c.tif,
Image,UoE~1~1~24228~219109,e0c434d8-a426-48b9-9701-95416d8f65ff,0206644c.tif,
Image,UoE~1~1~24227~219110,c184029d-7d4d-4bb7-affd-8824f6dffd93,0206643c.tif,
Image,UoE~1~1~24226~219111,5170d75e-4d17-4828-8834-abe1166d9635,0206642c.tif,
Image,UoE~1~1~24225~219112,aeb28d05-5f05-465f-9bd4-6753686d3eac,0206641c.tif,
Image,UoE~1~1~24224~219113,17db7051-69f3-411e-8b81-d56db5198246,0206640c.tif,
Image,UoE~1~1~24223~219114,337fa0bd-32e1-40b1-ba70-c8c9ae727ccb,0206639c.tif,
Image,UoE~1~1~24222~219115,53e65a04-5de6-4e55-857c-6af8ce098053,0206638c.tif,
Image,UoE~1~1~24221~219116,afb0b1df-c005-4167-83ea-700e0a95e68e,0206637c.tif,
Image,UoE~1~1~24220~219117,1c12c45a-bd2e-4398-9aef-b8a62187b3e1,0206636c.tif,
Image,UoE~1~1~24219~219118,9c14ae20-b70b-4b86-80d7-aa2a855ff1c3,0206635c.tif,
Image,UoE~1~1~24218~219119,6000a295-0177-48f9-a65a-829c736afa98,0206634c.tif,
Image,UoE~1~1~24217~219120,41a9cca9-ec8b-4ec3-a2f2-42cbe1827b50,0206633c.tif,
Image,UoE~1~1~24216~219121,167c0367-e727-458c-91a4-1929321ddfc1,0206632c.tif,
Image,UoE~1~1~24215~219122,3c539e99-dcd7-46de-8b8f-58c400c30947,0206631c.tif,
Image,UoE~1~1~24214~219123,f96be8e7-2eb3-4a2d-8374-09579193cd34,0206630c.tif,
Image,UoE~1~1~24213~219124,7ddf0999-98ae-4eba-b459-60d8cd427681,0206629c.tif,
Image,UoE~1~1~24212~219125,f1a627f7-1e54-48bf-b9a8-91b95af76570,0206628c.tif,
Image,UoE~1~1~24211~219126,17a039d3-ff15-4cd6-bc36-0f3af5127f0a,0206627c.tif,
Image,UoE~1~1~24210~219127,27a617ad-ad0f-4672-bde7-f32e390bb3d8,0206626c.tif,
Image,UoE~1~1~24209~219128,71064370-2959-4744-be4c-53d0755f9d77,0206625c.tif,
Image,UoE~1~1~24208~219129,553525b0-15eb-4929-8595-efaaf4e36d0c,0206624c.tif,
Image,UoE~1~1~24207~219130,f642ab88-d204-4e28-86f5-96ab2975630a,0206623c.tif,
Image,UoE~1~1~24206~219131,933eecf6-36ff-4394-ada8-e82c96776384,0206622c.tif,
Image,UoE~1~1~24205~219132,56af670e-4e15-45b9-b68d-31e9d59348e9,0206621c.tif,
Image,UoE~1~1~24204~219133,9d9b68e4-e95a-445c-b721-8458c31b06f1,0206620c.tif,
Image,UoE~1~1~24203~219134,82685310-ec77-4afa-9ab1-4e5961324afb,0206619c.tif,
Image,UoE~1~1~24202~219135,617075a1-cfb3-4098-863a-8e56b9e36e1c,0206618c.tif,
Image,UoE~1~1~24201~219136,b13e634e-a633-44f9-bc1f-e1f06af6386c,0206617c.tif,
Image,UoE~1~1~24200~219137,c5e70ab6-85f4-4401-99d7-bd09f3b012e6,0206616c.tif,
Image,UoE~1~1~24199~219138,58d2a059-c57c-4e37-a029-8fc7dd0c51f2,0206615c.tif,
Image,UoE~1~1~24198~219139,242235fe-fd13-432b-b9c8-97e439ea529c,0206614c.tif,
Image,UoE~1~1~24197~219140,2732b6c8-54ad-4939-a589-adc0324515d9,0206613c.tif,
Image,UoE~1~1~24196~219141,27cdeb9a-2080-446a-bd69-9ef7b46e799a,0206612c.tif,
Image,UoE~1~1~24195~219142,a2a6dfdb-6f6d-4a88-8c45-a2832207ab0f,0206611c.tif,
Image,UoE~1~1~24194~219143,49e1bb26-c02a-4f50-ba19-ea105a954b04,0206610c.tif,
Image,UoE~1~1~24193~219144,5a5946d3-91ce-4f8c-ab63-3eb37de75b3e,0206609c.tif,
Image,UoE~1~1~24192~219145,2f42c8ae-ddcb-481a-9f32-dbb8441019ac,0206608c.tif,
Image,UoE~1~1~24191~219146,a2426819-4e50-4b8e-95e4-729a1afcdd09,0206607c.tif,
Image,UoE~1~1~24190~219147,6370d85d-91f6-4881-b971-6390a8869455,0206606c.tif,
Image,UoE~1~1~24189~219148,fb4f2753-8cff-4de7-98cf-ddc4a3b620e9,0206605c.tif,
Image,UoE~1~1~24188~219149,2124a358-f170-402f-b4e8-240f8fc241db,0206604c.tif,
Image,UoE~1~1~24187~219150,1983ee0e-f0c2-4624-a0f3-85dbb8be41bc,0206603c.tif,
Image,UoE~1~1~24186~219151,19ac9a6a-8d29-42e1-ab3e-848012ee1798,0206602c.tif,
Image,UoE~1~1~24185~219152,0ea474bb-7c52-4e0b-b93c-e3227cd4154b,0206601c.tif,
Image,UoE~1~1~24184~219153,cabd9a0a-8ee9-4dc2-b9fc-99618f7b43fd,0206600c.tif,
Image,UoE~1~1~24183~219154,bed0e4ab-ab4b-4e88-bd02-46b45dfbdb60,0206599c.tif,
Image,UoE~1~1~24182~219155,07d10815-a66e-4d76-a207-e51171ed63b5,0206598c.tif,
Image,UoE~1~1~24181~219156,f03c6733-5ef2-448d-9406-cf8e485c4f01,0206597c.tif,
Image,UoE~1~1~24180~219157,7df5ecee-7a60-4ea0-a53f-adcb10615d41,0206596c.tif,
Image,UoE~1~1~24179~219158,28e1be1d-ac23-416a-9ba4-12ef33f8b56e,0206595c.tif,
Image,UoE~1~1~24178~219159,c3043cda-1ac2-47c9-b60e-6055b56205b7,0206594c.tif,
Image,UoE~1~1~24177~219160,67883f85-29e5-48be-adcc-58a885cae29c,0206593c.tif,
Image,UoE~1~1~24176~219161,e6753529-8c09-4c8c-8772-925d12f8b1c8,0206592c.tif,
Image,UoE~1~1~24175~219162,bdbc7971-fb55-4b64-91df-2b32ddddccea,0206591c.tif,
Image,UoE~1~1~24174~219163,f4729267-29de-42da-aeae-bbe811f00452,0206590c.tif,
Image,UoE~1~1~24173~219164,f7acf334-d367-425e-832c-558e45d8df6a,0206589c.tif,
Image,UoE~1~1~24172~219165,cb62b118-fae1-406d-8d45-d65e2021569e,0206588c.tif,
Image,UoE~1~1~24171~219166,83a1390e-9a8e-4580-a175-971c7722f05b,0206587c.tif,
Image,UoE~1~1~24170~219167,8a3128ad-26c2-4942-bfef-acacbdb5ab4f,0206586c.tif,
Image,UoE~1~1~24169~219168,293a6eb7-2a10-4c57-86d8-2a083b737725,0206585c.tif,
Image,UoE~1~1~24168~219169,349a22f5-85c5-4e60-8cc5-8c092c04a323,0206584c.tif,
Image,UoE~1~1~24167~219170,b9e6f192-fb26-4c4c-a2fd-310a3ceea618,0206583c.tif,
Image,UoE~1~1~24166~219171,55f53e44-331d-4cda-9640-d83d66ad5433,0206582c.tif,
Image,UoE~1~1~24165~219172,87932443-55e6-4267-977a-48e798fc707f,0206581c.tif,
Image,UoE~1~1~24164~219173,41a76912-f027-4664-a040-8d33cdb6dffb,0206580c.tif,
Image,UoE~1~1~24163~219174,93d6c847-d41b-4e05-a271-d740f8d1d66b,0206579c.tif,
Image,UoE~1~1~24162~219175,7e8aa328-0644-4f05-a9b1-b3d6627261c9,0206578c.tif,
Image,UoE~1~1~24161~219176,59f301ea-3f76-487b-8bed-4725b11aa29a,0206577c.tif,
Image,UoE~1~1~24160~219177,b53bc925-a795-4e96-86f0-ce172d87f8d3,0206576c.tif,
Image,UoE~1~1~24159~219178,e89b6a4a-5627-4a51-8e71-b1800cffa651,0206575c.tif,
Image,UoE~1~1~24158~219179,618ae15e-df9b-488d-9ad1-4a856aa43fa6,0206574c.tif,
Image,UoE~1~1~24157~219180,ac8238bd-5204-4949-9529-bf900d0d21dc,0206573c.tif,
Image,UoE~1~1~24156~219181,99936980-5a82-4630-b82e-2a856ae3b1c0,0206572c.tif,
Image,UoE~1~1~24155~219182,390a75cd-a0bc-4da5-903a-46f0ef23d746,0206571c.tif,
Image,UoE~1~1~24154~219183,15688a0f-b7d5-4cd9-a65a-c657e6c08fda,0206570c.tif,
Image,UoE~1~1~24153~219184,12ea1563-21f9-45c4-b24e-475902d85198,0206569c.tif,
Image,UoE~1~1~24152~219185,d03b42c1-cf0a-4b59-9629-382430bf721e,0206568c.tif,
Image,UoE~1~1~24151~219186,61022118-9e48-452e-bf84-e9e445e823f8,0206567c.tif,
Image,UoE~1~1~24150~219187,b37e4c9f-3d75-45d2-9e56-52fed7421d3b,0206566c.tif,
Image,UoE~1~1~24149~219188,eb9e9e66-60fe-486c-8a2d-961dc8f1d926,0206565c.tif,
Image,UoE~1~1~24148~219189,fc6bd8dd-3eff-444c-a356-f0b65f8e0c50,0206564c.tif,
Image,UoE~1~1~24147~219190,e9b995ea-0993-45aa-8a51-a1336d494861,0206563c.tif,
Image,UoE~1~1~24146~219191,2e41c295-b0a2-41d6-b60d-95706dbb5fe6,0206562c.tif,
Image,UoE~1~1~24145~219192,8978f404-04b2-4db0-b6a0-ecf8e35bb1aa,0206561c.tif,
Image,UoE~1~1~24144~219193,3e714602-dbdc-4558-93f3-1b0dd6a6848b,0206560c.tif,
Image,UoE~1~1~24143~219194,0e373950-9c40-4ddf-8134-4a3847b92b98,0206559c.tif,
Image,UoE~1~1~24142~219195,d133934f-2462-48d0-a23e-6c48e270aa05,0206558c.tif,
Image,UoE~1~1~24141~219196,a8884831-72e9-41f2-a5f4-4ed56dc9d533,0206557c.tif,
Image,UoE~1~1~24140~219197,30fb6c92-8ce2-436e-b7ce-5151caae5969,0206556c.tif,
Image,UoE~1~1~24139~219198,227b567f-30c1-4533-8e16-0679599ad628,0206555c.tif,
Image,UoE~1~1~24138~219199,c5580555-0ace-476e-ab21-e7518ab45893,0206554c.tif,
Image,UoE~1~1~24137~219200,9ee236ec-661f-40c4-bc35-2386e9bc845b,0206553c.tif,
Image,UoE~1~1~24136~219201,f2f06ae4-063b-4fca-838b-a1d74ce925eb,0206552c.tif,
Image,UoE~1~1~24135~219202,2448be4c-329a-4720-ad3c-0f96761480f7,0206551c.tif,
Image,UoE~1~1~24134~219203,cf583ccf-0835-4076-8055-af12aa6e81bd,0206550c.tif,
Image,UoE~1~1~24133~219204,5e36dcef-5cae-4f64-b1b5-bb8bfe36955e,0206549c.tif,
Image,UoE~1~1~24132~219205,90511235-45de-4c1f-87a9-6fa6bacba3b6,0206548c.tif,
Image,UoE~1~1~24131~219206,7afbd1fd-5fa6-433f-bf57-2f2a0638fd27,0206547c.tif,
Image,UoE~1~1~24130~219207,382e977b-dcee-460b-a309-2a943d9ef7ea,0206546c.tif,
Image,UoE~1~1~24129~219208,cb02fa3e-5825-4ddc-9eb2-15da9992c29e,0206545c.tif,
Image,UoE~1~1~24128~219209,a45d2792-948d-4269-a75b-0307550bb773,0206544c.tif,
Image,UoE~1~1~24127~219210,b43588ad-2ea6-4461-9f1f-2c1a89d3646c,0206543c.tif,
Image,UoE~1~1~24126~219211,a8797942-9816-4e7a-9e1a-473c740434b3,0206540c.tif,
Image,UoE~1~1~24125~219212,a9235d16-cac5-452a-9aa9-2b37f81c4643,0206539c.tif,
Image,UoE~1~1~24124~219213,0e4093d3-a5a3-4fcd-a559-6629c79b5e99,0206538c.tif,
Image,UoE~1~1~24123~219214,58e4d026-5bec-43b3-ab33-3e8d9e25f9cd,0206537c.tif,
Image,UoE~1~1~24122~219215,352e0d3a-4ef1-461e-b600-d4fcc100dd96,0206536c.tif,
Image,UoE~1~1~24121~219216,cb0ef7d0-9c8f-4c06-9590-5e3a608b82fa,0206535c.tif,
Image,UoE~1~1~24120~219217,92b12c13-20b8-471e-b160-0e0101c259cb,0206534c.tif,
Image,UoE~1~1~24119~219218,7914f873-0b49-47d7-9a55-f6fdb311dc88,0206533c.tif,
Image,UoE~1~1~24118~219219,2bafc7b6-b117-490e-918b-0af8eb6f4129,0206532c.tif,
Image,UoE~1~1~24117~219220,5967ee48-3dc7-4aaa-a1f4-67377caefa27,0206531c.tif,
Image,UoE~1~1~24116~219221,1c6bc6da-c65d-4bf8-88dc-593bba8373cb,0206530c.tif,
Image,UoE~1~1~24115~219222,cdf93894-5f14-49b5-9d2e-40a6a78ff200,0206529c.tif,
Image,UoE~1~1~24114~219223,e8f1ee08-4ca3-4096-865e-9bead7ed8ae1,0206528c.tif,
Image,UoE~1~1~24113~219224,a13330da-9c6e-4c54-93f1-4307f18e9737,0206527c.tif,
Image,UoE~1~1~24112~219225,5bd11c25-2307-43c2-8e90-44aefe010496,0206526c.tif,
Image,UoE~1~1~24111~219226,f1c90a70-635d-42fa-93f9-a311717596c5,0206525c.tif,
Image,UoE~1~1~24110~219227,8349f4d1-be12-4dcc-9184-bf7fd59bd9bf,0206524c.tif,
Image,UoE~1~1~24109~219228,38f8ff8b-4359-4f9b-bcc8-49a50c6da088,0206523c.tif,
Image,UoE~1~1~24108~219229,1cc2eb0f-ad86-46ff-bd38-84da58a61319,0206522c.tif,
Image,UoE~1~1~24107~219230,e5e94641-40d1-4121-8fbe-59bbdbafdee8,0206521c.tif,
Image,UoE~1~1~24106~219231,1e89e9c5-3613-4c7f-91fd-3c597f9be8ca,0206520c.tif,
Image,UoE~1~1~24105~219232,812af33c-0e21-4934-91fa-1c7b1e2fae78,0206519c.tif,
Image,UoE~1~1~24104~219233,4a14f7b1-f085-48dd-9541-5a0e8f35ee63,0206518c.tif,
Image,UoE~1~1~24103~219234,a8de4cc2-8259-45d9-ab50-3f82d4622af9,0206517c.tif,
Image,UoE~1~1~24102~219235,4fc3be6b-166b-4e4d-aabe-2dec98af47b7,0206516c.tif,
Image,UoE~1~1~24101~219236,7649cbdb-4f49-4a3f-9d6b-7caf164692e0,0206515c.tif,
Image,UoE~1~1~24100~219237,c325fafe-c00f-468c-8b93-a21a1b0052c0,0206514c.tif,
Image,UoE~1~1~24099~219238,52bc132d-7054-4ee2-ad35-bfa0ae862fa0,0206513c.tif,
Image,UoE~1~1~24098~219239,9d9accec-05c7-4aab-ad55-7ac4c9fadf8c,0206512c.tif,
Image,UoE~1~1~24097~219240,c917426e-6e99-4fe7-9e90-74166a1ccbed,0206511c.tif,
Image,UoE~1~1~24096~219241,d8f0c961-aa8e-418c-b4df-42e3f4ffec64,0206510c.tif,
Image,UoE~1~1~24095~219242,4ad7f213-47ff-469d-b9b9-2ec7f2748289,0206509c.tif,
Image,UoE~1~1~24094~219243,eddc37bc-ba5e-486e-a7b6-7f9d5256bff7,0206508c.tif,
Image,UoE~1~1~24093~219244,d480205f-1246-4a37-8085-7dd22ace6451,0206507c.tif,
Image,UoE~1~1~24092~219245,7bf200c5-23b8-4a12-8253-caaf7fb2a353,0206506c.tif,
Image,UoE~1~1~24091~219246,0df44855-801b-461d-ab2b-bdacc953bc65,0206505c.tif,
Image,UoE~1~1~24090~219247,7262b4cc-5f47-4d80-b5a4-f0e7030d508a,0206504c.tif,
Image,UoE~1~1~24089~219248,52c53efe-4cfa-41e6-8cb1-01dfc8259417,0206503c.tif,
Image,UoE~1~1~24088~219249,7b678658-9647-4973-b9cb-f78eaf7c4ffd,0206502c.tif,
Image,UoE~1~1~24087~219250,9d1bc244-875d-4a89-80b4-a85d96205525,0206501c.tif,
Image,UoE~1~1~24086~219251,e8627f21-4804-4ec1-9e20-209240eb832f,0206500c.tif,
Image,UoE~1~1~24085~219252,dd97aee9-33cb-4771-a734-49006528f28d,0206499c.tif,
Image,UoE~1~1~24084~219253,9b6f7241-7686-409f-9960-0a77106ef08f,0206498c.tif,
Image,UoE~1~1~24083~219254,9318e414-1e27-4fcf-ab06-7395116a6702,0206497c.tif,
Image,UoE~1~1~24082~219255,2c68abb0-7b47-485c-b174-8ee9b127ff56,0206496c.tif,
Image,UoE~1~1~24081~219256,a553cd3d-c290-4983-b4b8-801ecf9eeeb7,0206495c.tif,
Image,UoE~1~1~24080~219257,c8f97f6f-c3ea-4f99-b111-1e0b99cb3229,0206494c.tif,
Image,UoE~1~1~24079~219258,3714077e-313e-499c-ac34-242aff818d7d,0206493c.tif,
Image,UoE~1~1~24078~219259,b5648f2d-e008-4ee8-aa64-6ed8e0a53903,0206492c.tif,
Image,UoE~1~1~24077~219260,1ec4f23f-4f78-49ce-a90e-5be66921fed3,0206491c.tif,
Image,UoE~1~1~24076~219261,ed26b2d6-4b29-4b77-9815-9f1f1e31b963,0206490c.tif,
Image,UoE~1~1~24075~219262,b84581e4-dda3-48c0-97cf-7c9cf97feb51,0206489c.tif,
Image,UoE~1~1~24074~219263,d63f992f-5881-4f3b-9745-0194db23cd98,0206488c.tif,
Image,UoE~1~1~24073~219264,e627c4e7-addd-41f0-bd76-3224d7594b8b,0206487c.tif,
Image,UoE~1~1~24072~219265,08431335-88be-4b5a-91b5-ea8e9be641cd,0206486c.tif,
Image,UoE~1~1~24071~219266,2497a84c-f448-4241-95d7-2b51d1e9530a,0206485c.tif,
Image,UoE~1~1~24070~219267,a7dabe1a-957b-4022-a091-7fe04d1de790,0206484c.tif,
Image,UoE~1~1~24069~219268,9103a70a-93eb-4f4f-bbab-7d5aff97b900,0206483c.tif,
Image,UoE~1~1~24068~219269,341f707c-23e7-4878-bd54-e4e2db6905f2,0206482c.tif,
Image,UoE~1~1~24067~219270,2c5254d4-d4a0-4231-992f-9672c6e08722,0206481c.tif,
Image,UoE~1~1~24066~219271,778fa880-38de-47d7-b777-264941066783,0206480c.tif,
Image,UoE~1~1~24065~219272,5dbd315e-0970-4430-a7f7-087cdfe9f079,0206479c.tif,
Image,UoE~1~1~24064~219273,2deb2262-8159-42fa-8223-3076b6fbf076,0206478c.tif,
Image,UoE~1~1~24063~219274,2530f76f-1679-43a6-b9cd-4ff66b6e36a3,0206477c.tif,
Image,UoE~1~1~24062~219275,40714e7d-a971-4b99-ba95-33b069e71193,0206476c.tif,
Image,UoE~1~1~24061~219276,2e64c6d4-3934-4e19-95b2-e1c29a881007,0206475c.tif,
Image,UoE~1~1~24060~219277,334a4ef5-3044-4238-b24b-1ef2221638ab,0206474c.tif,
Image,UoE~1~1~24059~219278,2051c2bd-2717-45dc-87ac-b15807240544,0206473c.tif,
Image,UoE~1~1~24058~219279,cc57807f-c5ae-4328-b3ef-acb12c2c934b,0206472c.tif,
Image,UoE~1~1~24057~219280,1a7d0e0d-6c4c-4d99-b857-826c05c1853d,0206471c.tif,
Image,UoE~1~1~24056~219281,3abec3e4-3b67-4b44-9fbc-cb4ee1ced6a1,0206470c.tif,
Image,UoE~1~1~24055~219282,f0b79bf8-855f-4809-810e-2c4f479cc2fc,0206469c.tif,
Image,UoE~1~1~24054~219283,19641095-df94-4b20-a61c-6c44dd9cd58c,0206468c.tif,
Image,UoE~1~1~24053~219284,7562db2c-f0c2-45f3-8c86-442daea6e761,0206467c.tif,
Image,UoE~1~1~24052~219285,5ddbb339-85ce-494f-a302-bb3273d5a920,0206456c.tif,
Image,UoE~1~1~24051~219286,0cdd9f1a-f0ed-4593-a3bd-2320714d0e4d,0206455c.tif,
Image,UoE~1~1~24050~219287,970666ac-1d64-4730-a838-8195a00a0e70,0206454c.tif,
Image,UoE~1~1~24049~219288,e32e3eea-c83d-420f-ac4b-6c6f83c3f3c8,0206453c.tif,
Image,UoE~1~1~24048~219289,c5a02995-c60a-4f2e-91a7-88745a3b5acc,0206452c.tif,
Image,UoE~1~1~24047~219290,2a4c390c-c763-45e7-b101-0306c2370904,0206451c.tif,
Image,UoE~1~1~24046~219291,b33c1e30-8bab-4b69-bb6a-e31e5b754771,0206450c.tif,
Image,UoE~1~1~24045~219292,1dac8eae-e8f2-48bf-9bf6-44a5bc07d70d,0206449c.tif,
Image,UoE~1~1~24044~219293,96cc20f6-1ef2-4d10-9cfb-276874b01d17,0206448c.tif,
Image,UoE~1~1~24043~219294,73f03df1-2f54-4baf-ae73-4a64620f5ef5,0206447c.tif,
Image,UoE~1~1~24042~219295,7e6d6a7b-5ed4-414e-835b-ecbec183bbff,0206446c.tif,
Image,UoE~1~1~24041~219296,8a5a2e50-8ee7-4dfc-8eca-590dd7691761,0206445c.tif,
Image,UoE~1~1~24040~219297,a9368c99-8c47-471b-9d83-e2f2da30cf76,0206444c.tif,
Image,UoE~1~1~24039~219298,8e0d44f3-251b-4dad-a638-4aa9d1050e03,0206443c.tif,
Image,UoE~1~1~24038~219299,3f5a8c93-e3c2-4aa9-8dad-7f262665ad56,0206442c.tif,
Image,UoE~1~1~24037~219300,0d368613-25b0-4fb7-94fd-d3b2e855f092,0206441c.tif,
Image,UoE~1~1~24036~219301,f0587374-557f-4560-bd3a-010adbba4585,0206440c.tif,
Image,UoE~1~1~24035~219302,a955e0db-d3e8-4ba7-81a9-e33ee12d078a,0206439c.tif,
Image,UoE~1~1~24034~219303,d67d8e0d-8e38-462a-ac7e-b8a017bea3e5,0206438c.tif,
Image,UoE~1~1~24033~219304,1ec6bd80-b5b8-40cd-af91-07633cc939ba,0206437c.tif,
Image,UoE~1~1~24032~219305,5e72a8a7-b6d5-4657-b7c1-331a0f853bf6,0206436c.tif,
Image,UoE~1~1~24031~219306,71a2a84a-7513-400f-92e8-d7c095f8c217,0206435c.tif,
Image,UoE~1~1~24030~219307,a832ed08-724b-46ba-83ee-d882530ec1fd,0206434c.tif,
Image,UoE~1~1~24029~219308,3afff144-12de-4e38-bcea-8b52f4fc17c5,0206433c.tif,
Image,UoE~1~1~24028~219309,a48457db-3d3d-46f9-bf02-a4b03aed54c9,0206432c.tif,
Image,UoE~1~1~24027~219310,4277ada0-cbfa-4e76-bfea-973af5c487bd,0206431c.tif,
Image,UoE~1~1~24026~219311,fc08ee09-e892-4861-a906-03b620a51814,0206430c.tif,
Image,UoE~1~1~24025~219312,3c561d15-15cb-43bb-8fd6-fa8601cd1626,0206429c.tif,
Image,UoE~1~1~24024~219313,deab81ce-d87b-44ca-87b3-93ca08029a9a,0206428c.tif,
Image,UoE~1~1~24023~219314,89579fa2-f917-4e94-a907-91a7336ba948,0206427c.tif,
Image,UoE~1~1~24022~219315,96b21251-b925-44b4-8ea6-9213cdf18540,0206426c.tif,
Image,UoE~1~1~24021~219316,428718ae-c349-4b0d-a1a4-db1534852162,0206425c.tif,
Image,UoE~1~1~24020~219317,14f133fd-5e47-4a36-903a-d32696a0d1b0,0206424c.tif,
Image,UoE~1~1~24019~219318,132d26fe-7b0a-4be2-a417-7633c91d6413,0206423c.tif,
Image,UoE~1~1~24018~219319,67e01c38-335e-48c4-a38e-57b55549eb65,0206422c.tif,
Image,UoE~1~1~24017~219320,9e8dbace-8516-4786-b1b2-95650d9f3346,0206421c.tif,
Image,UoE~1~1~24016~219321,3607adc1-b71d-4568-9e09-31fdf67ecf77,0206420c.tif,
Image,UoE~1~1~24015~219322,0033307a-d043-4c16-af9d-567408baf4ab,0206419c.tif,
Image,UoE~1~1~24014~219323,b9b70e78-cf6d-47fe-886f-42bc65eec93c,0206418c.tif,
Image,UoE~1~1~24013~219324,a78feb52-aeb9-4ed2-a899-25a73c585416,0206417c.tif,
Image,UoE~1~1~24012~219325,1ccb7f91-d1e6-4abf-8734-77f2809abfb5,0206416c.tif,
Image,UoE~1~1~24011~219326,d99a0e4c-aeac-4003-9053-f9205e1d2796,0206415c.tif,
Image,UoE~1~1~24010~219327,660b6a6f-556a-45a4-80d5-96f4928ae657,0206414c.tif,
Image,UoE~1~1~24009~219328,7ba4914d-5351-42ca-aefd-7b25f5878482,0206413c.tif,
Image,UoE~1~1~24008~219329,c80bd6ae-b171-453f-b9c0-c4a97126585e,0206412c.tif,
Image,UoE~1~1~24007~219330,ea117603-fa61-4560-998b-33c41ab63cc2,0206411c.tif,
Image,UoE~1~1~24006~219331,e395f714-2da8-42b5-bc4a-1b55220c0999,0206410c.tif,
Image,UoE~1~1~24005~219332,627fa551-dc9b-4814-85ba-03d261a33102,0206409c.tif,
Image,UoE~1~1~24004~219333,c98a1be7-356d-45a8-8ac8-3b0b4bc07004,0206408c.tif,
Image,UoE~1~1~24003~219334,b6ccacfa-9f31-4752-892b-cb27b789a46c,0206407c.tif,
Image,UoE~1~1~24002~219335,54210494-e412-49b4-aa8e-0e959e4a785b,0206406c.tif,
Image,UoE~1~1~24001~219336,8aa55fa0-f065-4970-bdbc-3fa77e3ff86e,0206405c.tif,
Image,UoE~1~1~24000~219337,ec365dca-db54-429d-a20c-8652e8fd24e0,0206404c.tif,
Image,UoE~1~1~23999~219338,acf65c68-547c-4f54-ae8e-72856ded868e,0206403c.tif,
Image,UoE~1~1~23998~219339,160e8a90-c209-4041-b1c9-e8204b809a47,0206402c.tif,
Image,UoE~1~1~23997~219340,7c1753a6-8ded-42a7-b6d6-4237dfd11d00,0206401c.tif,
Image,UoE~1~1~23996~219341,d6c12059-fb0e-401b-95f6-9eb6e6f1361c,0206400c.tif,
Image,UoE~1~1~23995~219342,72c8a936-fc69-41ea-9fce-895f6c47a89d,0206399c.tif,
Image,UoE~1~1~23994~219343,6ae7febf-8ba6-463f-8908-cad9ae680063,0206398c.tif,
Image,UoE~1~1~23993~219344,7a9ef988-0bc8-4d45-a1aa-b28931302842,0206397c.tif,
Image,UoE~1~1~23992~219345,f6d72b67-180e-45f0-80a6-477c4c45e4ee,0206396c.tif,
Image,UoE~1~1~23991~219346,ce80ebad-6bc8-4423-a95b-34c3e5af1ad3,0206395c.tif,
Image,UoE~1~1~23990~219347,903ee900-6f17-43c8-a2eb-2f3624a66ed6,0206394c.tif,
Image,UoE~1~1~23989~219348,2a145b58-2373-4e97-b5dc-29bf6aac200b,0206393c.tif,
Image,UoE~1~1~23988~219349,eb2e573d-e641-4d8c-b5ec-c40f250998f9,0206392c.tif,
Image,UoE~1~1~23987~219350,ce5e3115-1ba5-4cca-98c4-b3288d51f8cf,0206391c.tif,
Image,UoE~1~1~23986~219351,a124e55d-82d7-45bc-ab66-47969a1cac0f,0206390c.tif,
Image,UoE~1~1~23985~219352,85bea6bb-a126-4ed5-83a8-fcbfca8b645d,0206389c.tif,
Image,UoE~1~1~23984~219353,f9408354-464a-459f-8d79-982e13d33675,0206388c.tif,
Image,UoE~1~1~23983~219354,925692c6-e67b-4215-90c5-c041ad6c697e,0206387c.tif,
Image,UoE~1~1~23982~219355,e30ce46b-dbde-4021-8ecb-ebf5351c254e,0206386c.tif,
Image,UoE~1~1~23981~219356,3d92c30c-fc0c-4a18-b086-92c16e7afe73,0206385c.tif,
Image,UoE~1~1~23980~219357,5ac3d28c-e306-4bc0-9d11-de6fe11b52b3,0206384c.tif,
Image,UoE~1~1~23979~219358,a365aaf7-4a93-4f85-bbdb-7152ed331ded,0206383c.tif,
Image,UoE~1~1~23978~219359,2046180b-96f5-4820-8d2c-1f8f538c6119,0206382c.tif,
Image,UoE~1~1~23977~219360,a8e146f1-55b3-4c1b-bb17-4616ce9e8dc8,0206381c.tif,
Image,UoE~1~1~23976~219361,ea3ec36d-cc48-4d4e-ae06-b801cbce433d,0206380c.tif,
Image,UoE~1~1~23975~219362,39c06d5c-aa02-438b-834e-56d1659ac567,0206379c.tif,
Image,UoE~1~1~23974~219363,3a11ec0e-550b-423f-82bd-71869bd8fae6,0206378c.tif,
Image,UoE~1~1~23973~219364,c3966e55-2858-4c0b-9fa0-051c38289e1f,0206377c.tif,
Image,UoE~1~1~23972~219365,6e7d7d13-0de1-46cc-9b9b-a3b22e1cb53e,0206376c.tif,
Image,UoE~1~1~23971~219366,d8eb7260-893a-471a-8d68-d22e9b9eedaf,0206375c.tif,
Image,UoE~1~1~23970~219367,a6623e01-3250-4c84-9bef-405618e104cd,0206374c.tif,
Image,UoE~1~1~23969~219368,8d023685-ee19-426d-be4c-1fe33d50ab84,0206373c.tif,
Image,UoE~1~1~23968~219369,643b05a3-97d0-414c-9a9f-1b0355a95b94,0206372c.tif,
Image,UoE~1~1~23967~219370,fd887dab-37c7-451d-be2d-256171563d69,0206371c.tif,
Image,UoE~1~1~23966~219371,77241cf9-0b45-4bd2-9015-5e60553fc4fb,0206370c.tif,
Image,UoE~1~1~23965~219372,fc8bae82-8bd6-4515-b5f1-66ef7450c512,0206369c.tif,
Image,UoE~1~1~23964~219373,ce376a00-9fa2-4a35-b7ab-b034d1d1b613,0206368c.tif,
Image,UoE~1~1~23963~219374,eabc35c0-a7c3-4f1d-ba0b-b5f05912b199,0206367c.tif,
Image,UoE~1~1~23962~219375,bb92f132-b888-4195-acea-f3aa721f94be,0206366c.tif,
Image,UoE~1~1~23961~219376,6e0c76bd-129c-4ade-ab40-ae8fec1b73bc,0206365c.tif,
Image,UoE~1~1~23960~219377,fa6392a5-d075-4304-8481-c39861c15ced,0206364c.tif,
Image,UoE~1~1~23959~219378,918fa622-9d17-44b0-b961-2915963941e2,0206363c.tif,
Image,UoE~1~1~23958~219379,a1c94bfc-1b54-4fbf-81dd-4341b7088b2c,0206362c.tif,
Image,UoE~1~1~23957~219380,e0e6ed2f-976d-4d16-80b2-1d4bfa42371a,0206361c.tif,
Image,UoE~1~1~23956~219381,39503fa1-bb92-4cb7-9bb7-78f1df2f4181,0206360c.tif,
Image,UoE~1~1~23955~219382,8813b388-b986-450d-bbd2-838b8cd821d0,0206359c.tif,
